distribution,n,run,qpu_sampling_time,qpu_anneal_time_per_sample,qpu_readout_time_per_sample,qpu_access_overhead_time,qpu_programming_time,qpu_delay_time_per_sample,post_processing_overhead_time,total_post_processing_time,total
laplace,10,run_1,955760.0,20.0,198.4,3059.09,10762.91,20.54,2430.0,2430.0,972012.0
laplace,10,run_2,955760.0,20.0,198.4,3029.49,10757.51,20.54,2414.0,2414.0,971961.0
laplace,10,run_3,955760.0,20.0,198.4,4524.3,10826.7,20.54,2396.0,2396.0,973507.0
laplace,10,run_4,955760.0,20.0,198.4,3016.5,10838.5,20.54,862.0,862.0,970477.0
laplace,10,run_5,955760.0,20.0,198.4,2970.09,10746.91,20.54,1356.0,1356.0,970833.0
laplace,11,run_1,955760.0,20.0,198.4,4389.49,10764.51,20.54,1070.0,1070.0,971984.0
laplace,11,run_2,955760.0,20.0,198.4,2822.89,10770.11,20.54,2392.0,2392.0,971745.0
laplace,11,run_3,955760.0,20.0,198.4,3472.49,10764.51,20.54,993.0,993.0,970990.0
laplace,11,run_4,955760.0,20.0,198.4,3227.7,10843.3,20.54,642.0,642.0,970473.0
laplace,11,run_5,955760.0,20.0,198.4,3731.69,10766.31,20.54,1001.0,1001.0,971259.0
laplace,12,run_1,955760.0,20.0,198.4,3339.9,10865.1,20.54,1556.0,1556.0,971521.0
laplace,12,run_2,955760.0,20.0,198.4,18165.49,10780.51,20.54,818.0,818.0,985524.0
laplace,12,run_3,955760.0,20.0,198.4,4362.09,10786.91,20.54,2005.0,2005.0,972914.0
laplace,12,run_4,955760.0,20.0,198.4,3155.3,10868.7,20.54,1684.0,1684.0,971468.0
laplace,12,run_5,955760.0,20.0,198.4,3499.1,10862.9,20.54,2639.0,2639.0,972761.0
laplace,13,run_1,955760.0,20.0,198.4,3606.9,10884.1,20.54,1186.0,1186.0,971437.0
laplace,13,run_2,955760.0,20.0,198.4,4070.49,10787.51,20.54,1314.0,1314.0,971932.0
laplace,13,run_3,955760.0,20.0,198.4,3033.29,10796.71,20.54,1203.0,1203.0,970793.0
laplace,13,run_4,955760.0,20.0,198.4,4293.89,10796.11,20.54,924.0,924.0,971774.0
laplace,13,run_5,955760.0,20.0,198.4,4073.9,10884.1,20.54,1362.0,1362.0,972080.0
laplace,14,run_1,955760.0,20.0,198.4,3630.29,10800.71,20.54,1161.0,1161.0,971352.0
laplace,14,run_2,955760.0,20.0,198.4,4430.89,10830.11,20.54,2160.0,3856.0,973181.0
laplace,14,run_3,955760.0,20.0,198.4,5476.1,10906.9,20.54,762.0,5084.0,972905.0
laplace,14,run_4,955760.0,20.0,198.4,4671.29,10812.71,20.54,1463.0,1463.0,972707.0
laplace,14,run_5,955760.0,20.0,198.4,4564.29,10821.71,20.54,777.0,3351.0,971923.0
laplace,15,run_1,955760.0,20.0,198.4,4537.7,10900.3,20.54,2136.0,5044.0,973334.0
laplace,15,run_2,955760.0,20.0,198.4,4468.7,10913.3,20.54,2149.0,4690.0,973291.0
laplace,15,run_3,955760.0,20.0,198.4,4933.3,10931.7,20.54,622.0,3191.0,972247.0
laplace,15,run_4,955760.0,20.0,198.4,4430.29,10819.71,20.54,2124.0,6361.0,973134.0
laplace,15,run_5,955760.0,20.0,198.4,4695.29,10834.71,20.54,1366.0,1366.0,972656.0
laplace,16,run_1,955760.0,20.0,198.4,5369.5,10916.5,20.54,671.0,1940.0,972717.0
laplace,16,run_2,955760.0,20.0,198.4,4679.29,10837.71,20.54,651.0,3339.0,971928.0
laplace,16,run_3,955760.0,20.0,198.4,4665.3,10929.7,20.54,2186.0,4842.0,973541.0
laplace,16,run_4,955760.0,20.0,198.4,4642.09,10847.91,20.54,1628.0,1628.0,972878.0
laplace,16,run_5,955760.0,20.0,198.4,4940.29,10838.71,20.54,372.0,1953.0,971911.0
laplace,17,run_1,955760.0,20.0,198.4,5653.9,10937.1,20.54,4200.0,6687.0,976551.0
laplace,17,run_2,955760.0,20.0,198.4,4135.89,10860.11,20.54,3242.0,3242.0,973998.0
laplace,17,run_3,955760.0,20.0,198.4,5672.9,10945.1,20.54,762.0,3355.0,973140.0
laplace,17,run_4,955760.0,20.0,198.4,4792.89,10865.11,20.54,2267.0,3313.0,973685.0
laplace,17,run_5,955760.0,20.0,198.4,6766.49,10863.51,20.54,2199.0,4899.0,975589.0
laplace,18,run_1,955760.0,20.0,198.4,5842.1,10956.9,20.54,697.0,2370.0,973256.0
laplace,18,run_2,955760.0,20.0,198.4,7331.09,10876.91,20.54,800.0,1731.0,974768.0
laplace,18,run_3,955760.0,20.0,198.4,6730.89,10884.11,20.54,2662.0,3655.0,976037.0
laplace,18,run_4,955760.0,20.0,198.4,5942.7,10957.3,20.54,1059.0,3944.0,973719.0
laplace,18,run_5,955760.0,20.0,198.4,5006.89,10890.11,20.54,472.0,1685.0,972129.0
laplace,19,run_1,955760.0,20.0,198.4,5494.89,10903.11,20.54,893.0,2307.0,973051.0
laplace,19,run_2,955760.0,20.0,198.4,5347.49,10887.51,20.54,678.0,3332.0,972673.0
laplace,19,run_3,955760.0,20.0,198.4,5856.5,10991.5,20.54,884.0,2924.0,973492.0
laplace,19,run_4,955760.0,20.0,198.4,5507.3,10953.7,20.54,1379.0,1379.0,973600.0
laplace,19,run_5,955760.0,20.0,198.4,6051.9,10968.1,20.54,741.0,1777.0,973521.0
laplace,2,run_1,955760.0,20.0,198.4,3406.9,10687.1,20.54,636.0,636.0,970490.0
laplace,2,run_2,955760.0,20.0,198.4,2207.7,10767.3,20.54,708.0,708.0,969443.0
laplace,2,run_3,955760.0,20.0,198.4,2053.09,10686.91,20.54,1053.0,1053.0,969553.0
laplace,2,run_4,955760.0,20.0,198.4,1960.5,10767.5,20.54,806.0,806.0,969294.0
laplace,2,run_5,955760.0,20.0,198.4,2619.7,10767.3,20.54,313.0,313.0,969460.0
laplace,20,run_1,955760.0,20.0,198.4,7043.09,10918.91,20.54,319.0,1736.0,974041.0
laplace,20,run_2,955760.0,20.0,198.4,5930.89,10906.11,20.54,1009.0,1929.0,973606.0
laplace,20,run_3,955760.0,20.0,198.4,8678.3,10983.7,20.54,308.0,3579.0,975730.0
laplace,20,run_4,955760.0,20.0,198.4,6664.1,11002.9,20.54,966.0,2431.0,974393.0
laplace,20,run_5,955760.0,20.0,198.4,6568.89,10891.11,20.54,690.0,2139.0,973910.0
laplace,21,run_1,955760.0,20.0,198.4,10091.09,10939.91,20.54,519.0,4563.0,977310.0
laplace,21,run_2,955760.0,20.0,198.4,9375.9,11020.1,20.54,626.0,2504.0,976782.0
laplace,21,run_3,955760.0,20.0,198.4,4822.9,10994.1,20.54,823.0,3566.0,972400.0
laplace,21,run_4,955760.0,20.0,198.4,5794.29,10939.71,20.54,590.0,3033.0,973084.0
laplace,21,run_5,955760.0,20.0,198.4,8888.49,10916.51,20.54,368.0,2410.0,975933.0
laplace,22,run_1,955760.0,20.0,198.4,6565.49,10940.51,20.54,3115.0,5628.0,976381.0
laplace,22,run_2,955760.0,20.0,198.4,8999.3,11017.7,20.54,2774.0,5628.0,978551.0
laplace,22,run_3,955760.0,20.0,198.4,12607.3,11002.7,20.54,2893.0,5847.0,982263.0
laplace,22,run_4,955760.0,20.0,198.4,7546.69,10934.31,20.54,450.0,2594.0,974691.0
laplace,22,run_5,955760.0,20.0,198.4,7939.89,10952.11,20.54,1005.0,6701.0,975657.0
laplace,23,run_1,955760.0,20.0,198.4,5046.09,10955.91,20.54,1057.0,2598.0,972819.0
laplace,23,run_2,955760.0,20.0,198.4,8159.1,11044.9,20.54,650.0,4419.0,975614.0
laplace,23,run_3,955760.0,20.0,198.4,7613.7,11024.3,20.54,1068.0,2668.0,975466.0
laplace,23,run_4,955760.0,20.0,198.4,7090.89,10949.11,20.54,710.0,3286.0,974510.0
laplace,23,run_5,955760.0,20.0,198.4,9402.3,11044.7,20.54,2952.0,7811.0,979159.0
laplace,24,run_1,955760.0,20.0,198.4,10482.3,11035.7,20.54,1105.0,6671.0,978383.0
laplace,24,run_2,955760.0,20.0,198.4,9609.89,10951.11,20.54,842.0,7695.0,977163.0
laplace,24,run_3,955760.0,20.0,198.4,8530.89,10956.11,20.54,455.0,2543.0,975702.0
laplace,24,run_4,955760.0,20.0,198.4,9153.1,11062.9,20.54,438.0,3917.0,976414.0
laplace,24,run_5,955760.0,20.0,198.4,11302.29,10965.71,20.54,415.0,5162.0,978443.0
laplace,25,run_1,955760.0,20.0,198.4,8390.9,11066.1,20.54,562.0,4743.0,975779.0
laplace,25,run_2,955760.0,20.0,198.4,8489.3,11060.7,20.54,2466.0,6748.0,977776.0
laplace,25,run_3,955760.0,20.0,198.4,7173.5,11047.5,20.54,1059.0,4519.0,975040.0
laplace,25,run_4,955760.0,20.0,198.4,11498.9,11053.1,20.54,340.0,2854.0,978652.0
laplace,25,run_5,955760.0,20.0,198.4,10621.09,10983.91,20.54,402.0,3319.0,977767.0
laplace,26,run_1,955760.0,20.0,198.4,7804.09,10996.91,20.54,833.0,3295.0,975394.0
laplace,26,run_2,955760.0,20.0,198.4,8367.5,11072.5,20.54,485.0,2886.0,975685.0
laplace,26,run_3,955760.0,20.0,198.4,10267.3,11056.7,20.54,962.0,3380.0,978046.0
laplace,26,run_4,955760.0,20.0,198.4,8648.49,10974.51,20.54,1126.0,3896.0,976509.0
laplace,26,run_5,955760.0,20.0,198.4,9385.09,11000.91,20.54,795.0,3387.0,976941.0
laplace,27,run_1,955760.0,20.0,198.4,12532.3,11075.7,20.54,424.0,5095.0,979792.0
laplace,27,run_2,955760.0,20.0,198.4,10450.9,11086.1,20.54,442.0,3305.0,977739.0
laplace,27,run_3,955760.0,20.0,198.4,11332.29,10984.71,20.54,1022.0,3976.0,979099.0
laplace,27,run_4,955760.0,20.0,198.4,9785.09,10980.91,20.54,3113.0,10685.0,979639.0
laplace,27,run_5,955760.0,20.0,198.4,10095.1,11096.9,20.54,4446.0,12141.0,981398.0
laplace,28,run_1,955760.0,20.0,198.4,11060.1,11080.9,20.54,692.0,10520.0,978593.0
laplace,28,run_2,955760.0,20.0,198.4,11848.69,11010.31,20.54,3002.0,8756.0,981621.0
laplace,28,run_3,955760.0,20.0,198.4,12548.49,11018.51,20.54,387.0,6989.0,979714.0
laplace,28,run_4,955760.0,20.0,198.4,9491.3,11066.7,20.54,3110.0,9399.0,979428.0
laplace,28,run_5,955760.0,20.0,198.4,12073.3,11109.7,20.54,977.0,4055.0,979920.0
laplace,29,run_1,955760.0,20.0,198.4,12636.29,11017.71,20.54,2157.0,10230.0,981571.0
laplace,29,run_2,955760.0,20.0,198.4,11053.09,11024.91,20.54,664.0,8376.0,978502.0
laplace,29,run_3,955760.0,20.0,198.4,10174.1,11089.9,20.54,591.0,5146.0,977615.0
laplace,29,run_4,955760.0,20.0,198.4,11711.9,11096.1,20.54,647.0,7527.0,979215.0
laplace,29,run_5,955760.0,20.0,198.4,13607.89,11030.11,20.54,293.0,3194.0,980691.0
laplace,3,run_1,955760.0,20.0,198.4,2053.5,10689.5,20.54,353.0,353.0,968856.0
laplace,3,run_2,955760.0,20.0,198.4,1950.09,10689.91,20.54,401.0,401.0,968801.0
laplace,3,run_3,955760.0,20.0,198.4,3593.5,10770.5,20.54,1639.0,1639.0,971763.0
laplace,3,run_4,955760.0,20.0,198.4,2294.9,10691.1,20.54,705.0,705.0,969451.0
laplace,3,run_5,955760.0,20.0,198.4,2167.9,10772.1,20.54,767.0,767.0,969467.0
laplace,30,run_1,955760.0,20.0,198.4,14355.5,11128.5,20.54,2648.0,15051.0,983892.0
laplace,30,run_2,955760.0,20.0,198.4,12722.3,11092.7,20.54,1157.0,5002.0,980732.0
laplace,30,run_3,955760.0,20.0,198.4,13415.09,11011.91,20.54,592.0,6025.0,980779.0
laplace,30,run_4,955760.0,20.0,198.4,10481.3,11110.7,20.54,1424.0,4363.0,978776.0
laplace,30,run_5,955760.0,20.0,198.4,16047.89,11040.11,20.54,3517.0,12602.0,986365.0
laplace,31,run_1,955760.0,20.0,198.4,14660.1,11113.9,20.54,894.0,5744.0,982428.0
laplace,31,run_2,955760.0,20.0,198.4,11666.49,11039.51,20.54,989.0,4808.0,979455.0
laplace,31,run_3,955760.0,20.0,198.4,14258.09,11045.91,20.54,1124.0,7074.0,982188.0
laplace,31,run_4,955760.0,20.0,198.4,12979.69,11039.31,20.54,546.0,3728.0,980325.0
laplace,31,run_5,955760.0,20.0,198.4,13894.1,11121.9,20.54,503.0,8024.0,981279.0
laplace,32,run_1,955760.0,20.0,198.4,15337.5,11134.5,20.54,699.0,11022.0,982931.0
laplace,32,run_2,955760.0,20.0,198.4,14229.09,11032.91,20.54,536.0,6387.0,981558.0
laplace,32,run_3,955760.0,20.0,198.4,12015.49,11043.51,20.54,3221.0,6758.0,982040.0
laplace,32,run_4,955760.0,20.0,198.4,11967.09,11052.91,20.54,1138.0,4663.0,979918.0
laplace,32,run_5,955760.0,20.0,198.4,15440.7,11127.3,20.54,997.0,12222.0,983325.0
laplace,33,run_1,955760.0,20.0,198.4,15616.9,11133.1,20.54,1093.0,7781.0,983603.0
laplace,33,run_2,955760.0,20.0,198.4,17313.5,11156.5,20.54,4589.0,17333.0,988819.0
laplace,33,run_3,955760.0,20.0,198.4,16220.7,11148.3,20.54,3283.0,16035.0,986412.0
laplace,33,run_4,955760.0,20.0,198.4,14999.7,11131.3,20.54,515.0,13624.0,982406.0
laplace,33,run_5,955760.0,20.0,198.4,15806.49,11076.51,20.54,1019.0,5410.0,983662.0
laplace,34,run_1,955760.0,20.0,198.4,15815.1,11158.9,20.54,608.0,4905.0,983342.0
laplace,34,run_2,955760.0,20.0,198.4,13661.29,11062.71,20.54,1148.0,5767.0,981632.0
laplace,34,run_3,955760.0,20.0,198.4,17781.7,11165.3,20.54,1021.0,6095.0,985728.0
laplace,34,run_4,955760.0,20.0,198.4,17089.29,11052.71,20.54,656.0,5666.0,984558.0
laplace,34,run_5,955760.0,20.0,198.4,16951.5,11168.5,20.54,570.0,5089.0,984450.0
laplace,35,run_1,955760.0,20.0,198.4,13251.5,11126.5,20.54,875.0,5049.0,981013.0
laplace,35,run_2,955760.0,20.0,198.4,16055.69,11075.31,20.54,1098.0,5127.0,983989.0
laplace,35,run_3,955760.0,20.0,198.4,16397.7,11148.3,20.54,1287.0,5788.0,984593.0
laplace,35,run_4,955760.0,20.0,198.4,14868.9,11133.1,20.54,1301.0,6261.0,983063.0
laplace,35,run_5,955760.0,20.0,198.4,12562.69,11074.31,20.54,1000.0,4897.0,980397.0
laplace,36,run_1,955760.0,20.0,198.4,18969.09,11064.91,20.54,559.0,5898.0,986353.0
laplace,36,run_2,955760.0,20.0,198.4,14614.09,11077.91,20.54,1546.0,5833.0,982998.0
laplace,36,run_3,955760.0,20.0,198.4,14711.5,11158.5,20.54,1112.0,6086.0,982742.0
laplace,36,run_4,955760.0,20.0,198.4,13463.3,11148.7,20.54,1979.0,7436.0,982351.0
laplace,36,run_5,955760.0,20.0,198.4,19090.1,11154.9,20.54,506.0,6060.0,986511.0
laplace,37,run_1,955760.0,20.0,198.4,19015.7,11187.3,20.54,582.0,5689.0,986545.0
laplace,37,run_2,955760.0,20.0,198.4,16659.29,11082.71,20.54,1223.0,7152.0,984725.0
laplace,37,run_3,955760.0,20.0,198.4,14308.5,11161.5,20.54,1551.0,8071.0,982781.0
laplace,37,run_4,955760.0,20.0,198.4,20581.9,11179.1,20.54,639.0,11740.0,988160.0
laplace,37,run_5,955760.0,20.0,198.4,15522.3,11155.7,20.54,1552.0,8267.0,983990.0
laplace,38,run_1,955760.0,20.0,198.4,18601.09,11088.91,20.54,1644.0,8718.0,987094.0
laplace,38,run_2,955760.0,20.0,198.4,16618.09,11090.91,20.54,1319.0,7103.0,984788.0
laplace,38,run_3,955760.0,20.0,198.4,17479.69,11109.31,20.54,829.0,11697.0,985178.0
laplace,38,run_4,955760.0,20.0,198.4,20121.09,11093.91,20.54,985.0,7500.0,987960.0
laplace,38,run_5,955760.0,20.0,198.4,16220.5,11168.5,20.54,905.0,5988.0,984054.0
laplace,39,run_1,955760.0,20.0,198.4,19730.09,11113.91,20.54,3217.0,18330.0,989821.0
laplace,39,run_2,955760.0,20.0,198.4,16795.49,11098.51,20.54,1376.0,8080.0,985030.0
laplace,39,run_3,955760.0,20.0,198.4,18432.89,11093.11,20.54,731.0,5863.0,986017.0
laplace,39,run_4,955760.0,20.0,198.4,20603.69,11087.31,20.54,1246.0,7022.0,988697.0
laplace,39,run_5,955760.0,20.0,198.4,14382.49,11093.51,20.54,2047.0,5335.0,983283.0
laplace,4,run_1,955760.0,20.0,198.4,2148.5,10700.5,20.54,793.0,793.0,969402.0
laplace,4,run_2,955760.0,20.0,198.4,1793.9,10693.1,20.54,483.0,483.0,968730.0
laplace,4,run_3,955760.0,20.0,198.4,2428.09,10696.91,20.54,1437.0,1437.0,970322.0
laplace,4,run_4,955760.0,20.0,198.4,3042.1,10774.9,20.54,416.0,416.0,969993.0
laplace,4,run_5,955760.0,20.0,198.4,1977.29,10699.71,20.54,466.0,466.0,968903.0
laplace,40,run_1,955760.0,20.0,198.4,15211.89,11103.11,20.54,1638.0,9149.0,983713.0
laplace,40,run_2,955760.0,20.0,198.4,20117.7,11210.3,20.54,1276.0,6240.0,988364.0
laplace,40,run_3,955760.0,20.0,198.4,22593.29,11100.71,20.54,4709.0,10807.0,994163.0
laplace,40,run_4,955760.0,20.0,198.4,18470.09,11123.91,20.54,785.0,6853.0,986139.0
laplace,40,run_5,955760.0,20.0,198.4,16038.3,11184.7,20.54,982.0,12356.0,983965.0
laplace,41,run_1,955760.0,20.0,198.4,19392.3,11211.7,20.54,888.0,7760.0,987252.0
laplace,41,run_2,955760.0,20.0,198.4,21542.29,11114.71,20.54,3244.0,22312.0,991661.0
laplace,41,run_3,955760.0,20.0,198.4,17796.7,11196.3,20.54,868.0,13058.0,985621.0
laplace,41,run_4,955760.0,20.0,198.4,18159.9,11182.1,20.54,1272.0,5523.0,986374.0
laplace,41,run_5,955760.0,20.0,198.4,21058.09,11122.91,20.54,781.0,9313.0,988722.0
laplace,42,run_1,955760.0,20.0,198.4,17693.1,11219.9,20.54,1031.0,7666.0,985704.0
laplace,42,run_2,955760.0,20.0,198.4,21498.3,11186.7,20.54,681.0,7010.0,989126.0
laplace,42,run_3,955760.0,20.0,198.4,18148.3,11198.7,20.54,1499.0,9625.0,986606.0
laplace,42,run_4,955760.0,20.0,198.4,19918.49,11112.51,20.54,1392.0,8192.0,988183.0
laplace,42,run_5,955760.0,20.0,198.4,20400.7,11222.3,20.54,928.0,10623.0,988311.0
laplace,43,run_1,955760.0,20.0,198.4,18322.49,11107.51,20.54,1719.0,11338.0,986909.0
laplace,43,run_2,955760.0,20.0,198.4,20689.3,11203.7,20.54,1406.0,9024.0,989059.0
laplace,43,run_3,955760.0,20.0,198.4,22011.7,11187.3,20.54,1570.0,14781.0,990529.0
laplace,43,run_4,955760.0,20.0,198.4,22939.1,11210.9,20.54,750.0,7856.0,990660.0
laplace,43,run_5,955760.0,20.0,198.4,18769.29,11103.71,20.54,2764.0,19786.0,988397.0
laplace,44,run_1,955760.0,20.0,198.4,19704.3,11199.7,20.54,943.0,9031.0,987607.0
laplace,44,run_2,955760.0,20.0,198.4,20228.89,11114.11,20.54,3249.0,20837.0,990352.0
laplace,44,run_3,955760.0,20.0,198.4,18901.3,11213.7,20.54,1836.0,13410.0,987711.0
laplace,44,run_4,955760.0,20.0,198.4,20789.1,11219.9,20.54,1436.0,9357.0,989205.0
laplace,44,run_5,955760.0,20.0,198.4,19424.49,11131.51,20.54,1557.0,7713.0,987873.0
laplace,45,run_1,955760.0,20.0,198.4,23486.89,11171.11,20.54,1467.0,12729.0,991885.0
laplace,45,run_2,955760.0,20.0,198.4,22266.9,11216.1,20.54,1269.0,18208.0,990512.0
laplace,45,run_3,955760.0,20.0,198.4,22741.09,11112.91,20.54,1331.0,17113.0,990945.0
laplace,45,run_4,955760.0,20.0,198.4,22768.29,11153.71,20.54,883.0,10987.0,990565.0
laplace,45,run_5,955760.0,20.0,198.4,20633.49,11130.51,20.54,880.0,10788.0,988404.0
laplace,46,run_1,955760.0,20.0,198.4,23917.3,11199.7,20.54,1244.0,8928.0,992121.0
laplace,46,run_2,955760.0,20.0,198.4,15926.7,11219.3,20.54,2224.0,15194.0,985130.0
laplace,46,run_3,955760.0,20.0,198.4,25471.1,11251.9,20.54,638.0,8141.0,993121.0
laplace,46,run_4,955760.0,20.0,198.4,19871.5,11219.5,20.54,1791.0,9649.0,988642.0
laplace,46,run_5,955760.0,20.0,198.4,26324.9,11236.1,20.54,897.0,17420.0,994218.0
laplace,47,run_1,955760.0,20.0,198.4,26934.29,11174.71,20.54,1345.0,11498.0,995214.0
laplace,47,run_2,955760.0,20.0,198.4,23417.09,11144.91,20.54,1087.0,22552.0,991409.0
laplace,47,run_3,955760.0,20.0,198.4,23554.29,11146.71,20.54,816.0,12356.0,991277.0
laplace,47,run_4,955760.0,20.0,198.4,25434.69,11171.31,20.54,1277.0,11949.0,993643.0
laplace,47,run_5,955760.0,20.0,198.4,22421.3,11235.7,20.54,1639.0,11897.0,991056.0
laplace,48,run_1,955760.0,20.0,198.4,26479.5,11257.5,20.54,864.0,9100.0,994361.0
laplace,48,run_2,955760.0,20.0,198.4,26958.49,11154.51,20.54,1017.0,10098.0,994890.0
laplace,48,run_3,955760.0,20.0,198.4,26080.89,11169.11,20.54,1383.0,10115.0,994393.0
laplace,48,run_4,955760.0,20.0,198.4,25188.9,11247.1,20.54,1115.0,18679.0,993311.0
laplace,48,run_5,955760.0,20.0,198.4,23470.1,11244.9,20.54,4118.0,12846.0,994593.0
laplace,49,run_1,955760.0,20.0,198.4,26445.89,11182.11,20.54,1270.0,9225.0,994658.0
laplace,49,run_2,955760.0,20.0,198.4,26118.09,11147.91,20.54,863.0,13059.0,993889.0
laplace,49,run_3,955760.0,20.0,198.4,25821.89,11161.11,20.54,1318.0,11388.0,994061.0
laplace,49,run_4,955760.0,20.0,198.4,20636.49,11151.51,20.54,980.0,16187.0,988528.0
laplace,49,run_5,955760.0,20.0,198.4,20781.89,11150.11,20.54,1692.0,9251.0,989384.0
laplace,5,run_1,955760.0,20.0,198.4,2475.7,10775.3,20.54,379.0,379.0,969390.0
laplace,5,run_2,955760.0,20.0,198.4,2050.09,10697.91,20.54,1379.0,1379.0,969887.0
laplace,5,run_3,955760.0,20.0,198.4,3025.9,10699.1,20.54,535.0,535.0,970020.0
laplace,5,run_4,955760.0,20.0,198.4,2114.69,10697.31,20.54,3887.0,3887.0,972459.0
laplace,5,run_5,955760.0,20.0,198.4,1957.09,10697.91,20.54,753.0,753.0,969168.0
laplace,50,run_1,955760.0,20.0,198.4,23612.09,11141.91,20.54,1718.0,9879.0,992232.0
laplace,50,run_2,955760.0,20.0,198.4,21988.1,11249.9,20.54,1257.0,10049.0,990255.0
laplace,50,run_3,955760.0,20.0,198.4,26603.1,11245.9,20.54,817.0,11756.0,994426.0
laplace,50,run_4,955760.0,20.0,198.4,21876.9,11242.1,20.54,2222.0,16940.0,991101.0
laplace,50,run_5,955760.0,20.0,198.4,24808.5,11240.5,20.54,892.0,10749.0,992701.0
laplace,51,run_1,955760.0,20.0,198.4,22930.29,11161.71,20.54,1925.0,11056.0,991777.0
laplace,51,run_2,955760.0,20.0,198.4,27033.3,11250.7,20.54,1340.0,9116.0,995384.0
laplace,51,run_3,955760.0,20.0,198.4,25555.1,11246.9,20.54,1142.0,14151.0,993704.0
laplace,51,run_4,955760.0,20.0,198.4,24377.49,11188.51,20.54,2062.0,11313.0,993388.0
laplace,51,run_5,955760.0,20.0,198.4,25771.1,11238.9,20.54,1982.0,10496.0,994752.0
laplace,52,run_1,955760.0,20.0,198.4,28089.3,11257.7,20.54,1456.0,10036.0,996563.0
laplace,52,run_2,955760.0,20.0,198.4,24880.69,11165.31,20.54,1384.0,11473.0,993190.0
laplace,52,run_3,955760.0,20.0,198.4,27074.5,11254.5,20.54,2687.0,24174.0,996776.0
laplace,52,run_4,955760.0,20.0,198.4,28957.69,11179.31,20.54,2749.0,24732.0,998646.0
laplace,52,run_5,955760.0,20.0,198.4,22175.49,11149.51,20.54,993.0,12180.0,990078.0
laplace,53,run_1,955760.0,20.0,198.4,22614.69,11155.31,20.54,1035.0,10466.0,990565.0
laplace,53,run_2,955760.0,20.0,198.4,28597.9,11261.1,20.54,768.0,11687.0,996387.0
laplace,53,run_3,955760.0,20.0,198.4,26911.3,11232.7,20.54,3491.0,24868.0,997395.0
laplace,53,run_4,955760.0,20.0,198.4,28601.7,11256.3,20.54,3376.0,28010.0,998994.0
laplace,53,run_5,955760.0,20.0,198.4,25263.49,11179.51,20.54,951.0,13468.0,993154.0
laplace,54,run_1,955760.0,20.0,198.4,29257.5,11256.5,20.54,1551.0,10087.0,997825.0
laplace,54,run_2,955760.0,20.0,198.4,25525.69,11181.31,20.54,949.0,12538.0,993416.0
laplace,54,run_3,955760.0,20.0,198.4,28480.5,11290.5,20.54,1782.0,15317.0,997313.0
laplace,54,run_4,955760.0,20.0,198.4,28198.5,11272.5,20.54,1114.0,17287.0,996345.0
laplace,54,run_5,955760.0,20.0,198.4,29312.5,11267.5,20.54,1252.0,17164.0,997592.0
laplace,55,run_1,955760.0,20.0,198.4,28982.3,11261.7,20.54,1985.0,13069.0,997989.0
laplace,55,run_2,955760.0,20.0,198.4,29356.9,11273.1,20.54,908.0,12125.0,997298.0
laplace,55,run_3,955760.0,20.0,198.4,28364.3,11266.7,20.54,783.0,12499.0,996174.0
laplace,55,run_4,955760.0,20.0,198.4,29386.3,11276.7,20.54,1271.0,24973.0,997694.0
laplace,55,run_5,955760.0,20.0,198.4,27875.1,11277.9,20.54,964.0,14338.0,995877.0
laplace,56,run_1,955760.0,20.0,198.4,27626.5,11277.5,20.54,1453.0,10498.0,996117.0
laplace,56,run_2,955760.0,20.0,198.4,29463.69,11191.31,20.54,867.0,11479.0,997282.0
laplace,56,run_3,955760.0,20.0,198.4,29994.5,11286.5,20.54,1946.0,16381.0,998987.0
laplace,56,run_4,955760.0,20.0,198.4,30081.7,11269.3,20.54,1976.0,14677.0,999087.0
laplace,56,run_5,955760.0,20.0,198.4,28743.09,11176.91,20.54,2027.0,15823.0,997707.0
laplace,57,run_1,955760.0,20.0,198.4,29246.3,11306.7,20.54,1452.0,13924.0,997765.0
laplace,57,run_2,955760.0,20.0,198.4,27856.5,11274.5,20.54,1670.0,10490.0,996561.0
laplace,57,run_3,955760.0,20.0,198.4,27490.9,11276.1,20.54,1433.0,15188.0,995960.0
laplace,57,run_4,955760.0,20.0,198.4,28015.7,11272.3,20.54,1194.0,12839.0,996242.0
laplace,57,run_5,955760.0,20.0,198.4,28563.3,11268.7,20.54,2424.0,16943.0,998016.0
laplace,58,run_1,955760.0,20.0,198.4,29113.3,11278.7,20.54,2434.0,12673.0,998586.0
laplace,58,run_2,955760.0,20.0,198.4,29266.9,11277.1,20.54,1631.0,13983.0,997935.0
laplace,58,run_3,955760.0,20.0,198.4,29266.3,11305.7,20.54,2098.0,13193.0,998430.0
laplace,58,run_4,955760.0,20.0,198.4,30518.1,11288.9,20.54,2592.0,18726.0,1000159.0
laplace,58,run_5,955760.0,20.0,198.4,27617.7,11278.3,20.54,1129.0,12233.0,995785.0
laplace,59,run_1,955760.0,20.0,198.4,31517.1,11274.9,20.54,1763.0,13564.0,1000315.0
laplace,59,run_2,955760.0,20.0,198.4,29994.5,11281.5,20.54,2388.0,14127.0,999424.0
laplace,59,run_3,955760.0,20.0,198.4,31006.5,11289.5,20.54,1477.0,16631.0,999533.0
laplace,59,run_4,955760.0,20.0,198.4,31080.1,11260.9,20.54,2603.0,11938.0,1000704.0
laplace,59,run_5,955760.0,20.0,198.4,28733.1,11293.9,20.54,4052.0,15541.0,999839.0
laplace,6,run_1,955760.0,20.0,198.4,2237.29,10711.71,20.54,2355.0,2355.0,971064.0
laplace,6,run_2,955760.0,20.0,198.4,2987.09,10700.91,20.54,526.0,526.0,969974.0
laplace,6,run_3,955760.0,20.0,198.4,2228.89,10710.11,20.54,2233.0,2233.0,970932.0
laplace,6,run_4,955760.0,20.0,198.4,1947.3,10789.7,20.54,2541.0,2541.0,971038.0
laplace,6,run_5,955760.0,20.0,198.4,2912.7,10789.3,20.54,4050.0,4050.0,973512.0
laplace,60,run_1,955760.0,20.0,198.4,28860.3,11252.7,20.54,1471.0,20298.0,997344.0
laplace,60,run_2,955760.0,20.0,198.4,31219.29,11227.71,20.54,1713.0,12046.0,999920.0
laplace,60,run_3,955760.0,20.0,198.4,29894.9,11306.1,20.54,1896.0,16971.0,998857.0
laplace,60,run_4,955760.0,20.0,198.4,32936.1,11295.9,20.54,2451.0,21004.0,1002443.0
laplace,60,run_5,955760.0,20.0,198.4,32042.09,11202.91,20.54,1493.0,11413.0,1000498.0
laplace,61,run_1,955760.0,20.0,198.4,29192.9,11285.1,20.54,2669.0,17667.0,998907.0
laplace,61,run_2,955760.0,20.0,198.4,32297.89,11216.11,20.54,1952.0,16794.0,1001226.0
laplace,61,run_3,955760.0,20.0,198.4,32211.1,11313.9,20.54,1812.0,12672.0,1001097.0
laplace,61,run_4,955760.0,20.0,198.4,31113.29,11199.71,20.54,1739.0,15029.0,999812.0
laplace,61,run_5,955760.0,20.0,198.4,31874.7,11281.3,20.54,3792.0,16787.0,1002708.0
laplace,62,run_1,955760.0,20.0,198.4,32701.9,11318.1,20.54,2055.0,14993.0,1001835.0
laplace,62,run_2,955760.0,20.0,198.4,33321.5,11321.5,20.54,3867.0,29826.0,1004270.0
laplace,62,run_3,955760.0,20.0,198.4,31310.5,11285.5,20.54,3587.0,27971.0,1001943.0
laplace,62,run_4,955760.0,20.0,198.4,32655.5,11296.5,20.54,3538.0,27593.0,1003250.0
laplace,62,run_5,955760.0,20.0,198.4,31370.3,11307.7,20.54,3631.0,28406.0,1002069.0
laplace,63,run_1,955760.0,20.0,198.4,32682.89,11205.11,20.54,3648.0,31088.0,1003296.0
laplace,63,run_2,955760.0,20.0,198.4,33740.3,11313.7,20.54,5512.0,30407.0,1006326.0
laplace,63,run_3,955760.0,20.0,198.4,33071.3,11291.7,20.54,1962.0,18322.0,1002085.0
laplace,63,run_4,955760.0,20.0,198.4,33501.29,11213.71,20.54,1664.0,19543.0,1002139.0
laplace,63,run_5,955760.0,20.0,198.4,31614.3,11310.7,20.54,1941.0,15795.0,1000626.0
laplace,64,run_1,955760.0,20.0,198.4,35082.09,11237.91,20.54,1765.0,16588.0,1003845.0
laplace,64,run_2,955760.0,20.0,198.4,32297.09,11223.91,20.54,3780.0,27086.0,1003061.0
laplace,64,run_3,955760.0,20.0,198.4,34986.3,11310.7,20.54,3542.0,32278.0,1005599.0
laplace,64,run_4,955760.0,20.0,198.4,32833.3,11301.7,20.54,2034.0,15117.0,1001929.0
laplace,64,run_5,955760.0,20.0,198.4,32186.29,11243.71,20.54,1902.0,14409.0,1001092.0
laplace,65,run_1,955760.0,20.0,198.4,31259.9,11318.1,20.54,2420.0,16551.0,1000758.0
laplace,65,run_2,955760.0,20.0,198.4,34264.1,11312.9,20.54,1321.0,19736.0,1002658.0
laplace,65,run_3,955760.0,20.0,198.4,33408.89,11220.11,20.54,1718.0,14968.0,1002107.0
laplace,65,run_4,955760.0,20.0,198.4,32108.29,11255.71,20.54,2103.0,13253.0,1001227.0
laplace,65,run_5,955760.0,20.0,198.4,35145.5,11334.5,20.54,1166.0,14799.0,1003406.0
laplace,7,run_1,955760.0,20.0,198.4,2150.1,10795.9,20.54,2429.0,2429.0,971135.0
laplace,7,run_2,955760.0,20.0,198.4,2232.69,10720.31,20.54,2187.0,2187.0,970900.0
laplace,7,run_3,955760.0,20.0,198.4,3478.3,10794.7,20.54,2291.0,2291.0,972324.0
laplace,7,run_4,955760.0,20.0,198.4,2519.7,10796.3,20.54,1041.0,1041.0,970117.0
laplace,7,run_5,955760.0,20.0,198.4,2164.7,10800.3,20.54,517.0,517.0,969242.0
laplace,8,run_1,955760.0,20.0,198.4,3305.69,10724.31,20.54,1285.0,1285.0,971075.0
laplace,8,run_2,955760.0,20.0,198.4,2416.89,10722.11,20.54,492.0,492.0,969391.0
laplace,8,run_3,955760.0,20.0,198.4,1810.29,10728.71,20.54,1605.0,1605.0,969904.0
laplace,8,run_4,955760.0,20.0,198.4,3554.89,10729.11,20.54,658.0,658.0,970702.0
laplace,8,run_5,955760.0,20.0,198.4,2879.09,10727.91,20.54,1065.0,1065.0,970432.0
laplace,9,run_1,955760.0,20.0,198.4,5113.69,10730.31,20.54,1228.0,1228.0,972832.0
laplace,9,run_2,955760.0,20.0,198.4,2909.5,10818.5,20.54,1628.0,1628.0,971116.0
laplace,9,run_3,955760.0,20.0,198.4,2415.7,10812.3,20.54,2432.0,2432.0,971420.0
laplace,9,run_4,955760.0,20.0,198.4,2110.9,10816.1,20.54,2449.0,2449.0,971136.0
laplace,9,run_5,955760.0,20.0,198.4,2180.29,10731.71,20.54,892.0,892.0,969564.0
normal,10,run_1,955760.0,20.0,198.4,2854.1,10826.9,20.54,1289.0,1289.0,970730.0
normal,10,run_2,955760.0,20.0,198.4,3759.3,10766.7,20.54,1099.0,1099.0,971385.0
normal,10,run_3,955760.0,20.0,198.4,3241.9,10832.1,20.54,755.0,755.0,970589.0
normal,10,run_4,955760.0,20.0,198.4,4050.3,10834.7,20.54,2502.0,2502.0,973147.0
normal,10,run_5,955760.0,20.0,198.4,3186.1,10828.9,20.54,4114.0,4114.0,973889.0
normal,11,run_1,955760.0,20.0,198.4,3302.5,10780.5,20.54,4256.0,4256.0,974099.0
normal,11,run_2,955760.0,20.0,198.4,3628.5,10758.5,20.54,5190.0,5190.0,975337.0
normal,11,run_3,955760.0,20.0,198.4,4057.3,10842.7,20.54,2513.0,2513.0,973173.0
normal,11,run_4,955760.0,20.0,198.4,3064.5,10858.5,20.54,2469.0,2469.0,972152.0
normal,11,run_5,955760.0,20.0,198.4,2091.5,10843.5,20.54,2443.0,2443.0,971138.0
normal,12,run_1,955760.0,20.0,198.4,3225.9,10800.1,20.54,1231.0,1231.0,971017.0
normal,12,run_2,955760.0,20.0,198.4,4302.5,10774.5,20.54,780.0,780.0,971617.0
normal,12,run_3,955760.0,20.0,198.4,3332.5,10843.5,20.54,1032.0,1032.0,970968.0
normal,12,run_4,955760.0,20.0,198.4,3085.7,10854.3,20.54,2022.0,2022.0,971722.0
normal,12,run_5,955760.0,20.0,198.4,2949.3,10856.7,20.54,795.0,795.0,970361.0
normal,13,run_1,955760.0,20.0,198.4,3763.3,10808.7,20.54,1100.0,1100.0,971432.0
normal,13,run_2,955760.0,20.0,198.4,2375.3,10798.7,20.54,2273.0,2273.0,971207.0
normal,13,run_3,955760.0,20.0,198.4,3406.3,10798.7,20.54,983.0,983.0,970948.0
normal,13,run_4,955760.0,20.0,198.4,4282.1,10879.9,20.54,912.0,912.0,971834.0
normal,13,run_5,955760.0,20.0,198.4,3129.5,10890.5,20.54,3068.0,3068.0,972848.0
normal,14,run_1,955760.0,20.0,198.4,4375.3,10817.7,20.54,509.0,1553.0,971462.0
normal,14,run_2,955760.0,20.0,198.4,4811.1,10807.9,20.54,1492.0,1492.0,972871.0
normal,14,run_3,955760.0,20.0,198.4,4759.1,10910.9,20.54,2120.0,3265.0,973550.0
normal,14,run_4,955760.0,20.0,198.4,3197.1,10894.9,20.54,2628.0,2628.0,972480.0
normal,14,run_5,955760.0,20.0,198.4,4421.5,10819.5,20.54,4010.0,7902.0,975011.0
normal,15,run_1,955760.0,20.0,198.4,6472.7,10812.3,20.54,2047.0,4501.0,975092.0
normal,15,run_2,955760.0,20.0,198.4,5076.1,10907.9,20.54,2155.0,6346.0,973899.0
normal,15,run_3,955760.0,20.0,198.4,4302.5,10912.5,20.54,3206.0,5728.0,974181.0
normal,15,run_4,955760.0,20.0,198.4,4805.7,10847.3,20.54,2132.0,6414.0,973545.0
normal,15,run_5,955760.0,20.0,198.4,4840.3,10830.7,20.54,3053.0,5497.0,974484.0
normal,16,run_1,955760.0,20.0,198.4,4663.3,10856.7,20.54,356.0,1384.0,971636.0
normal,16,run_2,955760.0,20.0,198.4,4417.1,10911.9,20.54,1476.0,1476.0,972565.0
normal,16,run_3,955760.0,20.0,198.4,3938.5,10923.5,20.54,2145.0,4640.0,972767.0
normal,16,run_4,955760.0,20.0,198.4,4744.3,10840.7,20.54,2225.0,4664.0,973570.0
normal,16,run_5,955760.0,20.0,198.4,4032.9,10865.1,20.54,2155.0,4961.0,972813.0
normal,17,run_1,955760.0,20.0,198.4,5684.3,10881.7,20.54,3969.0,5096.0,976295.0
normal,17,run_2,955760.0,20.0,198.4,4495.9,10891.1,20.54,2276.0,3853.0,973423.0
normal,17,run_3,955760.0,20.0,198.4,4303.3,10936.7,20.54,532.0,1507.0,971532.0
normal,17,run_4,955760.0,20.0,198.4,4081.1,10925.9,20.54,2979.0,2979.0,973746.0
normal,17,run_5,955760.0,20.0,198.4,5718.1,10871.9,20.54,3096.0,5791.0,975446.0
normal,18,run_1,955760.0,20.0,198.4,5674.1,10895.9,20.54,875.0,1713.0,973205.0
normal,18,run_2,955760.0,20.0,198.4,5752.1,10918.9,20.54,714.0,1720.0,973145.0
normal,18,run_3,955760.0,20.0,198.4,5644.5,10957.5,20.54,392.0,1361.0,972754.0
normal,18,run_4,955760.0,20.0,198.4,6645.7,10955.3,20.54,599.0,3160.0,973960.0
normal,18,run_5,955760.0,20.0,198.4,5290.1,10888.9,20.54,732.0,1885.0,972671.0
normal,19,run_1,955760.0,20.0,198.4,5330.5,10900.5,20.54,2478.0,3911.0,974469.0
normal,19,run_2,955760.0,20.0,198.4,5348.3,10990.7,20.54,695.0,1738.0,972794.0
normal,19,run_3,955760.0,20.0,198.4,5350.9,10983.1,20.54,792.0,2443.0,972886.0
normal,19,run_4,955760.0,20.0,198.4,6332.3,10981.7,20.54,798.0,2247.0,973872.0
normal,19,run_5,955760.0,20.0,198.4,5866.1,10913.9,20.54,869.0,1800.0,973409.0
normal,2,run_1,955760.0,20.0,198.4,2164.7,10765.3,20.54,338.0,338.0,969028.0
normal,2,run_2,955760.0,20.0,198.4,2916.1,10764.9,20.54,1980.0,1980.0,971421.0
normal,2,run_3,955760.0,20.0,198.4,1884.9,10765.1,20.54,808.0,808.0,969218.0
normal,2,run_4,955760.0,20.0,198.4,1818.1,10764.9,20.54,905.0,905.0,969248.0
normal,2,run_5,955760.0,20.0,198.4,2519.5,10694.5,20.54,439.0,439.0,969413.0
normal,20,run_1,955760.0,20.0,198.4,6246.3,10911.7,20.54,827.0,1964.0,973745.0
normal,20,run_2,955760.0,20.0,198.4,8168.7,10930.3,20.54,2114.0,3856.0,976973.0
normal,20,run_3,955760.0,20.0,198.4,7166.5,10994.5,20.54,2606.0,5266.0,976527.0
normal,20,run_4,955760.0,20.0,198.4,5728.5,10939.5,20.54,419.0,2145.0,972847.0
normal,20,run_5,955760.0,20.0,198.4,6010.9,10910.1,20.54,1067.0,1871.0,973748.0
normal,21,run_1,955760.0,20.0,198.4,7937.9,10954.1,20.54,353.0,3035.0,975005.0
normal,21,run_2,955760.0,20.0,198.4,6936.9,11011.1,20.54,299.0,2980.0,974007.0
normal,21,run_3,955760.0,20.0,198.4,6465.3,10942.7,20.54,511.0,1960.0,973679.0
normal,21,run_4,955760.0,20.0,198.4,6668.9,10936.1,20.54,1192.0,2320.0,974557.0
normal,21,run_5,955760.0,20.0,198.4,6604.7,10915.3,20.54,981.0,2140.0,974261.0
normal,22,run_1,955760.0,20.0,198.4,6734.3,11023.7,20.54,1055.0,2413.0,974573.0
normal,22,run_2,955760.0,20.0,198.4,9246.5,11033.5,20.54,760.0,2959.0,976800.0
normal,22,run_3,955760.0,20.0,198.4,7721.7,10946.3,20.54,355.0,3082.0,974783.0
normal,22,run_4,955760.0,20.0,198.4,7494.7,10965.3,20.54,381.0,2236.0,974601.0
normal,22,run_5,955760.0,20.0,198.4,8270.5,10959.5,20.54,639.0,3568.0,975629.0
normal,23,run_1,955760.0,20.0,198.4,7195.3,11027.7,20.54,1068.0,4038.0,975051.0
normal,23,run_2,955760.0,20.0,198.4,7690.7,11028.3,20.54,2422.0,6101.0,976901.0
normal,23,run_3,955760.0,20.0,198.4,6518.7,10942.3,20.54,2852.0,5728.0,976073.0
normal,23,run_4,955760.0,20.0,198.4,6201.1,10973.9,20.54,3042.0,5991.0,975977.0
normal,23,run_5,955760.0,20.0,198.4,10596.9,11047.1,20.54,3014.0,6162.0,980418.0
normal,24,run_1,955760.0,20.0,198.4,7091.3,10987.7,20.54,2976.0,7946.0,976815.0
normal,24,run_2,955760.0,20.0,198.4,7767.1,11039.9,20.54,3227.0,8591.0,977794.0
normal,24,run_3,955760.0,20.0,198.4,9948.1,11047.9,20.54,687.0,9282.0,977443.0
normal,24,run_4,955760.0,20.0,198.4,6823.5,11052.5,20.54,3070.0,6210.0,976706.0
normal,24,run_5,955760.0,20.0,198.4,8611.7,11030.3,20.54,1078.0,3024.0,976480.0
normal,25,run_1,955760.0,20.0,198.4,11577.5,11034.5,20.54,405.0,3965.0,978777.0
normal,25,run_2,955760.0,20.0,198.4,9753.1,11076.9,20.54,398.0,3512.0,976988.0
normal,25,run_3,955760.0,20.0,198.4,10346.7,10983.3,20.54,380.0,8515.0,977470.0
normal,25,run_4,955760.0,20.0,198.4,8561.7,11041.3,20.54,562.0,3398.0,975925.0
normal,25,run_5,955760.0,20.0,198.4,10329.1,11060.9,20.54,3341.0,9900.0,980491.0
normal,26,run_1,955760.0,20.0,198.4,8309.7,10998.3,20.54,1724.0,7529.0,976792.0
normal,26,run_2,955760.0,20.0,198.4,10138.5,11009.5,20.54,3527.0,9897.0,980435.0
normal,26,run_3,955760.0,20.0,198.4,8539.7,11088.3,20.54,748.0,6639.0,976136.0
normal,26,run_4,955760.0,20.0,198.4,10360.3,11078.7,20.54,2904.0,6704.0,980103.0
normal,26,run_5,955760.0,20.0,198.4,9695.5,11014.5,20.54,4177.0,11392.0,980647.0
normal,27,run_1,955760.0,20.0,198.4,11310.5,11073.5,20.54,525.0,5115.0,978669.0
normal,27,run_2,955760.0,20.0,198.4,8653.5,11089.5,20.54,771.0,4703.0,976274.0
normal,27,run_3,955760.0,20.0,198.4,10274.7,11001.3,20.54,855.0,3649.0,977891.0
normal,27,run_4,955760.0,20.0,198.4,10119.5,11071.5,20.54,452.0,3148.0,977403.0
normal,27,run_5,955760.0,20.0,198.4,9482.3,11011.7,20.54,1161.0,3747.0,977415.0
normal,28,run_1,955760.0,20.0,198.4,8613.5,11096.5,20.54,3503.0,12240.0,978973.0
normal,28,run_2,955760.0,20.0,198.4,10741.7,11077.3,20.54,940.0,5670.0,978519.0
normal,28,run_3,955760.0,20.0,198.4,12579.1,11088.9,20.54,684.0,5319.0,980112.0
normal,28,run_4,955760.0,20.0,198.4,11623.1,11030.9,20.54,957.0,3571.0,979371.0
normal,28,run_5,955760.0,20.0,198.4,10173.1,11015.9,20.54,1205.0,4676.0,978154.0
normal,29,run_1,955760.0,20.0,198.4,12603.7,11037.3,20.54,1144.0,4759.0,980545.0
normal,29,run_2,955760.0,20.0,198.4,11858.3,11019.7,20.54,369.0,6337.0,979007.0
normal,29,run_3,955760.0,20.0,198.4,14434.5,11095.5,20.54,735.0,5258.0,982025.0
normal,29,run_4,955760.0,20.0,198.4,13016.7,11024.3,20.54,364.0,3796.0,980165.0
normal,29,run_5,955760.0,20.0,198.4,10149.9,11089.1,20.54,1269.0,4810.0,978268.0
normal,3,run_1,955760.0,20.0,198.4,3088.1,10697.9,20.54,2097.0,2097.0,971643.0
normal,3,run_2,955760.0,20.0,198.4,2197.9,10765.1,20.54,673.0,673.0,969396.0
normal,3,run_3,955760.0,20.0,198.4,2311.5,10765.5,20.54,718.0,718.0,969555.0
normal,3,run_4,955760.0,20.0,198.4,1847.9,10765.1,20.54,335.0,335.0,968708.0
normal,3,run_5,955760.0,20.0,198.4,3164.1,10764.9,20.54,626.0,626.0,970315.0
normal,30,run_1,955760.0,20.0,198.4,10762.9,11120.1,20.54,1465.0,4546.0,979108.0
normal,30,run_2,955760.0,20.0,198.4,11662.9,11104.1,20.54,614.0,4670.0,979141.0
normal,30,run_3,955760.0,20.0,198.4,11573.5,11027.5,20.54,1194.0,4453.0,979555.0
normal,30,run_4,955760.0,20.0,198.4,14399.1,11119.9,20.54,3217.0,12784.0,984496.0
normal,30,run_5,955760.0,20.0,198.4,10443.9,11091.1,20.54,630.0,5715.0,977925.0
normal,31,run_1,955760.0,20.0,198.4,13913.3,11027.7,20.54,469.0,4664.0,981170.0
normal,31,run_2,955760.0,20.0,198.4,15063.9,11139.1,20.54,488.0,4818.0,982451.0
normal,31,run_3,955760.0,20.0,198.4,15373.9,11127.1,20.54,966.0,4592.0,983227.0
normal,31,run_4,955760.0,20.0,198.4,13078.3,11037.7,20.54,830.0,3850.0,980706.0
normal,31,run_5,955760.0,20.0,198.4,12574.1,11115.9,20.54,3177.0,12015.0,982627.0
normal,32,run_1,955760.0,20.0,198.4,10710.3,11057.7,20.54,3389.0,9855.0,980917.0
normal,32,run_2,955760.0,20.0,198.4,12019.3,11063.7,20.54,3451.0,9740.0,982294.0
normal,32,run_3,955760.0,20.0,198.4,11440.1,11121.9,20.54,1506.0,7836.0,979828.0
normal,32,run_4,955760.0,20.0,198.4,16215.5,11084.5,20.54,1006.0,5762.0,984066.0
normal,32,run_5,955760.0,20.0,198.4,15267.1,11045.9,20.54,1030.0,4502.0,983103.0
normal,33,run_1,955760.0,20.0,198.4,12546.1,11072.9,20.54,792.0,4158.0,980171.0
normal,33,run_2,955760.0,20.0,198.4,14951.9,11145.1,20.54,735.0,4904.0,982592.0
normal,33,run_3,955760.0,20.0,198.4,10581.1,11110.9,20.54,1509.0,4571.0,978961.0
normal,33,run_4,955760.0,20.0,198.4,12231.9,11064.1,20.54,1138.0,4635.0,980194.0
normal,33,run_5,955760.0,20.0,198.4,16365.3,11119.7,20.54,1391.0,5757.0,984636.0
normal,34,run_1,955760.0,20.0,198.4,13917.1,11058.9,20.54,1116.0,4207.0,981852.0
normal,34,run_2,955760.0,20.0,198.4,18071.1,11173.9,20.54,516.0,6194.0,985521.0
normal,34,run_3,955760.0,20.0,198.4,16762.3,11058.7,20.54,2630.0,15156.0,986211.0
normal,34,run_4,955760.0,20.0,198.4,13137.3,11132.7,20.54,1338.0,5811.0,981368.0
normal,34,run_5,955760.0,20.0,198.4,18680.9,11160.1,20.54,878.0,6814.0,986479.0
normal,35,run_1,955760.0,20.0,198.4,13353.1,11083.9,20.54,1822.0,5165.0,982019.0
normal,35,run_2,955760.0,20.0,198.4,17119.1,11158.9,20.54,1050.0,5383.0,985088.0
normal,35,run_3,955760.0,20.0,198.4,15537.1,11087.9,20.54,643.0,7651.0,983028.0
normal,35,run_4,955760.0,20.0,198.4,16434.3,11121.7,20.54,912.0,5240.0,984228.0
normal,35,run_5,955760.0,20.0,198.4,17091.3,11151.7,20.54,2493.0,15477.0,986496.0
normal,36,run_1,955760.0,20.0,198.4,17831.1,11118.9,20.54,741.0,7000.0,985451.0
normal,36,run_2,955760.0,20.0,198.4,17252.9,11148.1,20.54,693.0,6037.0,984854.0
normal,36,run_3,955760.0,20.0,198.4,16901.9,11106.1,20.54,3148.0,15051.0,986916.0
normal,36,run_4,955760.0,20.0,198.4,16709.1,11147.9,20.54,721.0,6686.0,984338.0
normal,36,run_5,955760.0,20.0,198.4,17691.5,11149.5,20.54,1317.0,6461.0,985918.0
normal,37,run_1,955760.0,20.0,198.4,21442.3,11192.7,20.54,1097.0,13671.0,989492.0
normal,37,run_2,955760.0,20.0,198.4,17451.3,11179.7,20.54,1402.0,10587.0,985793.0
normal,37,run_3,955760.0,20.0,198.4,20091.29,11104.71,20.54,1579.0,7670.0,988535.0
normal,37,run_4,955760.0,20.0,198.4,14206.3,11145.7,20.54,1406.0,10538.0,982518.0
normal,37,run_5,955760.0,20.0,198.4,14117.3,11165.7,20.54,1056.0,5612.0,982099.0
normal,38,run_1,955760.0,20.0,198.4,13438.3,11152.7,20.54,1290.0,8805.0,981641.0
normal,38,run_2,955760.0,20.0,198.4,21941.3,11206.7,20.54,857.0,7403.0,989765.0
normal,38,run_3,955760.0,20.0,198.4,20155.7,11158.3,20.54,821.0,10795.0,987895.0
normal,38,run_4,955760.0,20.0,198.4,13999.1,11164.9,20.54,1424.0,8596.0,982348.0
normal,38,run_5,955760.0,20.0,198.4,20705.9,11102.1,20.54,632.0,5785.0,988200.0
normal,39,run_1,955760.0,20.0,198.4,23623.5,11185.5,20.54,598.0,6254.0,991167.0
normal,39,run_2,955760.0,20.0,198.4,15121.5,11110.5,20.54,5685.0,20988.0,987677.0
normal,39,run_3,955760.0,20.0,198.4,14202.9,11107.1,20.54,3740.0,11907.0,984810.0
normal,39,run_4,955760.0,20.0,198.4,17729.9,11160.1,20.54,1299.0,17257.0,985949.0
normal,39,run_5,955760.0,20.0,198.4,13729.5,11106.5,20.54,1867.0,10533.0,982463.0
normal,4,run_1,955760.0,20.0,198.4,2102.9,10701.1,20.54,433.0,433.0,968997.0
normal,4,run_2,955760.0,20.0,198.4,2180.1,10769.9,20.54,2130.0,2130.0,970840.0
normal,4,run_3,955760.0,20.0,198.4,2021.9,10771.1,20.54,2051.0,2051.0,970604.0
normal,4,run_4,955760.0,20.0,198.4,2910.1,10767.9,20.54,2116.0,2116.0,971554.0
normal,4,run_5,955760.0,20.0,198.4,2598.9,10771.1,20.54,3839.0,3839.0,972969.0
normal,40,run_1,955760.0,20.0,198.4,17879.1,11114.9,20.54,1453.0,6007.0,986207.0
normal,40,run_2,955760.0,20.0,198.4,15921.9,11170.1,20.54,1786.0,8882.0,984638.0
normal,40,run_3,955760.0,20.0,198.4,20599.49,11132.51,20.54,1276.0,7280.0,988768.0
normal,40,run_4,955760.0,20.0,198.4,21270.3,11191.7,20.54,1097.0,6189.0,989319.0
normal,40,run_5,955760.0,20.0,198.4,22429.7,11218.3,20.54,837.0,8161.0,990245.0
normal,41,run_1,955760.0,20.0,198.4,18299.3,11190.7,20.54,2793.0,14478.0,988043.0
normal,41,run_2,955760.0,20.0,198.4,21344.69,11159.31,20.54,851.0,9387.0,989115.0
normal,41,run_3,955760.0,20.0,198.4,21905.29,11127.71,20.54,997.0,7568.0,989790.0
normal,41,run_4,955760.0,20.0,198.4,21940.3,11202.7,20.54,921.0,7409.0,989824.0
normal,41,run_5,955760.0,20.0,198.4,19388.69,11120.31,20.54,1277.0,5968.0,987546.0
normal,42,run_1,955760.0,20.0,198.4,19797.7,11194.3,20.54,919.0,6484.0,987671.0
normal,42,run_2,955760.0,20.0,198.4,19306.3,11196.7,20.54,1696.0,7744.0,987959.0
normal,42,run_3,955760.0,20.0,198.4,15225.29,11127.71,20.54,1945.0,6026.0,984058.0
normal,42,run_4,955760.0,20.0,198.4,21553.5,11119.5,20.54,1117.0,6399.0,989550.0
normal,42,run_5,955760.0,20.0,198.4,22162.7,11231.3,20.54,1886.0,8420.0,991040.0
normal,43,run_1,955760.0,20.0,198.4,21866.49,11141.51,20.54,1702.0,10149.0,990470.0
normal,43,run_2,955760.0,20.0,198.4,22451.1,11205.9,20.54,1492.0,9084.0,990909.0
normal,43,run_3,955760.0,20.0,198.4,22531.9,11208.1,20.54,857.0,8352.0,990357.0
normal,43,run_4,955760.0,20.0,198.4,18285.3,11199.7,20.54,974.0,6265.0,986219.0
normal,43,run_5,955760.0,20.0,198.4,19304.29,11122.71,20.54,1112.0,7328.0,987299.0
normal,44,run_1,955760.0,20.0,198.4,26489.7,11218.3,20.54,963.0,9238.0,994431.0
normal,44,run_2,955760.0,20.0,198.4,20841.7,11225.3,20.54,997.0,11415.0,988824.0
normal,44,run_3,955760.0,20.0,198.4,21096.49,11147.51,20.54,1753.0,7864.0,989757.0
normal,44,run_4,955760.0,20.0,198.4,18860.9,11214.1,20.54,1432.0,7966.0,987267.0
normal,44,run_5,955760.0,20.0,198.4,19431.9,11191.1,20.54,1221.0,9950.0,987604.0
normal,45,run_1,955760.0,20.0,198.4,19666.29,11144.71,20.54,2073.0,9010.0,988644.0
normal,45,run_2,955760.0,20.0,198.4,19308.89,11170.11,20.54,1087.0,9763.0,987326.0
normal,45,run_3,955760.0,20.0,198.4,18464.69,11152.31,20.54,1704.0,10563.0,987081.0
normal,45,run_4,955760.0,20.0,198.4,18148.29,11163.71,20.54,1023.0,6892.0,986095.0
normal,45,run_5,955760.0,20.0,198.4,22363.09,11129.91,20.54,842.0,17950.0,990095.0
normal,46,run_1,955760.0,20.0,198.4,26304.5,11207.5,20.54,709.0,20639.0,993981.0
normal,46,run_2,955760.0,20.0,198.4,27350.29,11178.71,20.54,742.0,12010.0,995031.0
normal,46,run_3,955760.0,20.0,198.4,26417.29,11172.71,20.54,1535.0,11183.0,994885.0
normal,46,run_4,955760.0,20.0,198.4,23523.7,11218.3,20.54,1143.0,9098.0,991645.0
normal,46,run_5,955760.0,20.0,198.4,20656.49,11138.51,20.54,1087.0,9684.0,988642.0
normal,47,run_1,955760.0,20.0,198.4,23477.1,11229.9,20.54,890.0,18146.0,991357.0
normal,47,run_2,955760.0,20.0,198.4,20483.29,11158.71,20.54,1005.0,8661.0,988407.0
normal,47,run_3,955760.0,20.0,198.4,25617.09,11180.91,20.54,1265.0,15789.0,993823.0
normal,47,run_4,955760.0,20.0,198.4,20783.29,11173.71,20.54,1131.0,12604.0,988848.0
normal,47,run_5,955760.0,20.0,198.4,26055.29,11145.71,20.54,1375.0,9639.0,994336.0
normal,48,run_1,955760.0,20.0,198.4,26768.5,11231.5,20.54,749.0,13246.0,994509.0
normal,48,run_2,955760.0,20.0,198.4,26280.89,11157.11,20.54,728.0,10051.0,993926.0
normal,48,run_3,955760.0,20.0,198.4,26793.9,11250.1,20.54,739.0,11106.0,994543.0
normal,48,run_4,955760.0,20.0,198.4,26925.5,11224.5,20.54,737.0,10776.0,994647.0
normal,48,run_5,955760.0,20.0,198.4,26952.7,11255.3,20.54,826.0,9831.0,994794.0
normal,49,run_1,955760.0,20.0,198.4,25523.89,11161.11,20.54,710.0,8686.0,993155.0
normal,49,run_2,955760.0,20.0,198.4,25960.7,11248.3,20.54,2199.0,20741.0,995168.0
normal,49,run_3,955760.0,20.0,198.4,23389.09,11181.91,20.54,866.0,9745.0,991197.0
normal,49,run_4,955760.0,20.0,198.4,25842.69,11191.31,20.54,3655.0,16748.0,996449.0
normal,49,run_5,955760.0,20.0,198.4,24549.29,11154.71,20.54,1507.0,9487.0,992971.0
normal,5,run_1,955760.0,20.0,198.4,2485.7,10700.3,20.54,369.0,369.0,969315.0
normal,5,run_2,955760.0,20.0,198.4,2255.7,10772.3,20.54,359.0,359.0,969147.0
normal,5,run_3,955760.0,20.0,198.4,1750.9,10772.1,20.54,773.0,773.0,969056.0
normal,5,run_4,955760.0,20.0,198.4,1788.1,10775.9,20.54,372.0,372.0,968696.0
normal,5,run_5,955760.0,20.0,198.4,3379.5,10775.5,20.54,1297.0,1297.0,971212.0
normal,50,run_1,955760.0,20.0,198.4,24338.09,11202.91,20.54,3786.0,23057.0,995087.0
normal,50,run_2,955760.0,20.0,198.4,26014.29,11173.71,20.54,875.0,9202.0,993823.0
normal,50,run_3,955760.0,20.0,198.4,23738.7,11253.3,20.54,1745.0,12657.0,992497.0
normal,50,run_4,955760.0,20.0,198.4,22719.49,11172.51,20.54,3505.0,25189.0,993157.0
normal,50,run_5,955760.0,20.0,198.4,25124.49,11192.51,20.54,1494.0,8942.0,993571.0
normal,51,run_1,955760.0,20.0,198.4,25260.5,11268.5,20.54,798.0,18979.0,993087.0
normal,51,run_2,955760.0,20.0,198.4,27205.09,11221.91,20.54,757.0,10806.0,994944.0
normal,51,run_3,955760.0,20.0,198.4,20699.7,11180.3,20.54,3718.0,18881.0,991358.0
normal,51,run_4,955760.0,20.0,198.4,25989.09,11178.91,20.54,1637.0,11034.0,994565.0
normal,51,run_5,955760.0,20.0,198.4,25019.09,11212.91,20.54,1880.0,11498.0,993872.0
normal,52,run_1,955760.0,20.0,198.4,27053.5,11259.5,20.54,960.0,8795.0,995033.0
normal,52,run_2,955760.0,20.0,198.4,27143.29,11208.71,20.54,1798.0,22225.0,995910.0
normal,52,run_3,955760.0,20.0,198.4,25916.1,11263.9,20.54,3504.0,12006.0,996444.0
normal,52,run_4,955760.0,20.0,198.4,21929.29,11176.71,20.54,2072.0,8288.0,990938.0
normal,52,run_5,955760.0,20.0,198.4,28344.89,11210.11,20.54,883.0,10726.0,996198.0
normal,53,run_1,955760.0,20.0,198.4,28109.5,11267.5,20.54,3556.0,21095.0,998693.0
normal,53,run_2,955760.0,20.0,198.4,26987.09,11206.91,20.54,1741.0,24251.0,995695.0
normal,53,run_3,955760.0,20.0,198.4,28116.49,11195.51,20.54,726.0,8860.0,995798.0
normal,53,run_4,955760.0,20.0,198.4,26164.89,11185.11,20.54,1499.0,15975.0,994609.0
normal,53,run_5,955760.0,20.0,198.4,27801.89,11209.11,20.54,1340.0,11632.0,996111.0
normal,54,run_1,955760.0,20.0,198.4,27310.09,11202.91,20.54,1800.0,13357.0,996073.0
normal,54,run_2,955760.0,20.0,198.4,27611.9,11267.1,20.54,1522.0,10011.0,996161.0
normal,54,run_3,955760.0,20.0,198.4,27730.1,11286.9,20.54,1285.0,8986.0,996062.0
normal,54,run_4,955760.0,20.0,198.4,27645.89,11198.11,20.54,1623.0,12019.0,996227.0
normal,54,run_5,955760.0,20.0,198.4,27780.7,11286.3,20.54,1045.0,12626.0,995872.0
normal,55,run_1,955760.0,20.0,198.4,29248.9,11280.1,20.54,943.0,12684.0,997232.0
normal,55,run_2,955760.0,20.0,198.4,28124.3,11248.7,20.54,1799.0,16734.0,996932.0
normal,55,run_3,955760.0,20.0,198.4,29509.69,11190.31,20.54,1325.0,19674.0,997785.0
normal,55,run_4,955760.0,20.0,198.4,27515.5,11250.5,20.54,3064.0,25109.0,997590.0
normal,55,run_5,955760.0,20.0,198.4,27428.3,11268.7,20.54,1115.0,13708.0,995572.0
normal,56,run_1,955760.0,20.0,198.4,28373.29,11207.71,20.54,5078.0,28413.0,1000419.0
normal,56,run_2,955760.0,20.0,198.4,30731.69,11223.31,20.54,1231.0,12279.0,998946.0
normal,56,run_3,955760.0,20.0,198.4,30091.7,11278.3,20.54,885.0,11747.0,998015.0
normal,56,run_4,955760.0,20.0,198.4,30577.5,11288.5,20.54,1888.0,14423.0,999514.0
normal,56,run_5,955760.0,20.0,198.4,27977.9,11277.1,20.54,1025.0,10915.0,996040.0
normal,57,run_1,955760.0,20.0,198.4,28938.1,11285.9,20.54,1236.0,15237.0,997220.0
normal,57,run_2,955760.0,20.0,198.4,29701.89,11221.11,20.54,1629.0,11660.0,998312.0
normal,57,run_3,955760.0,20.0,198.4,31290.49,11227.51,20.54,1596.0,11292.0,999874.0
normal,57,run_4,955760.0,20.0,198.4,29264.7,11283.3,20.54,1484.0,10655.0,997792.0
normal,57,run_5,955760.0,20.0,198.4,30346.7,11287.3,20.54,1662.0,17619.0,999056.0
normal,58,run_1,955760.0,20.0,198.4,29156.09,11235.91,20.54,1702.0,11955.0,997854.0
normal,58,run_2,955760.0,20.0,198.4,28136.89,11220.11,20.54,1464.0,9807.0,996581.0
normal,58,run_3,955760.0,20.0,198.4,30490.1,11304.9,20.54,1736.0,15305.0,999291.0
normal,58,run_4,955760.0,20.0,198.4,30384.29,11220.71,20.54,1017.0,10146.0,998382.0
normal,58,run_5,955760.0,20.0,198.4,31090.3,11301.7,20.54,960.0,16809.0,999112.0
normal,59,run_1,955760.0,20.0,198.4,29128.9,11285.1,20.54,1944.0,13069.0,998118.0
normal,59,run_2,955760.0,20.0,198.4,30648.29,11215.71,20.54,1567.0,14581.0,999191.0
normal,59,run_3,955760.0,20.0,198.4,30649.1,11286.9,20.54,955.0,17599.0,998651.0
normal,59,run_4,955760.0,20.0,198.4,31483.89,11239.11,20.54,1885.0,15471.0,1000368.0
normal,59,run_5,955760.0,20.0,198.4,30223.9,11274.1,20.54,3949.0,26652.0,1001207.0
normal,6,run_1,955760.0,20.0,198.4,2139.9,10711.1,20.54,1489.0,1489.0,970100.0
normal,6,run_2,955760.0,20.0,198.4,1932.9,10785.1,20.54,412.0,412.0,968890.0
normal,6,run_3,955760.0,20.0,198.4,2064.9,10785.1,20.54,381.0,381.0,968991.0
normal,6,run_4,955760.0,20.0,198.4,2843.3,10786.7,20.54,2106.0,2106.0,971496.0
normal,6,run_5,955760.0,20.0,198.4,2232.7,10715.3,20.54,504.0,504.0,969212.0
normal,60,run_1,955760.0,20.0,198.4,29962.69,11205.31,20.54,3898.0,23985.0,1000826.0
normal,60,run_2,955760.0,20.0,198.4,31890.09,11224.91,20.54,2036.0,12945.0,1000911.0
normal,60,run_3,955760.0,20.0,198.4,31704.1,11291.9,20.54,1361.0,13752.0,1000117.0
normal,60,run_4,955760.0,20.0,198.4,30966.5,11282.5,20.54,1035.0,13342.0,999044.0
normal,60,run_5,955760.0,20.0,198.4,29031.09,11217.91,20.54,1560.0,10876.0,997569.0
normal,61,run_1,955760.0,20.0,198.4,30773.29,11226.71,20.54,1127.0,11908.0,998887.0
normal,61,run_2,955760.0,20.0,198.4,30603.3,11290.7,20.54,821.0,19908.0,998475.0
normal,61,run_3,955760.0,20.0,198.4,32288.49,11235.51,20.54,1575.0,12363.0,1000859.0
normal,61,run_4,955760.0,20.0,198.4,33042.9,11328.1,20.54,1832.0,14268.0,1001963.0
normal,61,run_5,955760.0,20.0,198.4,32849.69,11211.31,20.54,1027.0,11729.0,1000848.0
normal,62,run_1,955760.0,20.0,198.4,32743.9,11286.1,20.54,1634.0,12508.0,1001424.0
normal,62,run_2,955760.0,20.0,198.4,32845.69,11252.31,20.54,965.0,12077.0,1000823.0
normal,62,run_3,955760.0,20.0,198.4,32539.5,11300.5,20.54,4775.0,16626.0,1004375.0
normal,62,run_4,955760.0,20.0,198.4,34145.89,11257.11,20.54,4257.0,29557.0,1005420.0
normal,62,run_5,955760.0,20.0,198.4,31956.7,11309.3,20.54,1539.0,17866.0,1000565.0
normal,63,run_1,955760.0,20.0,198.4,33962.5,11301.5,20.54,1569.0,15084.0,1002593.0
normal,63,run_2,955760.0,20.0,198.4,31702.89,11247.11,20.54,1124.0,15047.0,999834.0
normal,63,run_3,955760.0,20.0,198.4,33480.49,11254.51,20.54,1779.0,16471.0,1002274.0
normal,63,run_4,955760.0,20.0,198.4,29999.69,11205.31,20.54,2592.0,18246.0,999557.0
normal,63,run_5,955760.0,20.0,198.4,31003.9,11276.1,20.54,1823.0,14249.0,999863.0
normal,64,run_1,955760.0,20.0,198.4,33633.49,11248.51,20.54,1249.0,14402.0,1001891.0
normal,64,run_2,955760.0,20.0,198.4,32370.9,11299.1,20.54,1066.0,14606.0,1000496.0
normal,64,run_3,955760.0,20.0,198.4,33086.7,11305.3,20.54,2509.0,18831.0,1002661.0
normal,64,run_4,955760.0,20.0,198.4,33987.29,11252.71,20.54,2161.0,17710.0,1003161.0
normal,64,run_5,955760.0,20.0,198.4,34402.1,11327.9,20.54,1424.0,16336.0,1002914.0
normal,65,run_1,955760.0,20.0,198.4,34498.3,11316.7,20.54,4089.0,24120.0,1005664.0
normal,65,run_2,955760.0,20.0,198.4,33933.09,11255.91,20.54,2009.0,15091.0,1002958.0
normal,65,run_3,955760.0,20.0,198.4,34168.9,11315.1,20.54,1642.0,14084.0,1002886.0
normal,65,run_4,955760.0,20.0,198.4,32322.49,11249.51,20.54,1993.0,19407.0,1001325.0
normal,65,run_5,955760.0,20.0,198.4,34528.3,11312.7,20.54,2079.0,17368.0,1003680.0
normal,7,run_1,955760.0,20.0,198.4,2065.9,10795.1,20.54,1127.0,1127.0,969748.0
normal,7,run_2,955760.0,20.0,198.4,2288.3,10787.7,20.54,556.0,556.0,969392.0
normal,7,run_3,955760.0,20.0,198.4,2997.1,10793.9,20.54,423.0,423.0,969974.0
normal,7,run_4,955760.0,20.0,198.4,2110.9,10715.1,20.54,453.0,453.0,969039.0
normal,7,run_5,955760.0,20.0,198.4,2013.1,10788.9,20.54,437.0,437.0,968999.0
normal,8,run_1,955760.0,20.0,198.4,1619.5,10800.5,20.54,1566.0,1566.0,969746.0
normal,8,run_2,955760.0,20.0,198.4,1565.5,10799.5,20.54,509.0,509.0,968634.0
normal,8,run_3,955760.0,20.0,198.4,1996.1,10739.9,20.54,1731.0,1731.0,970227.0
normal,8,run_4,955760.0,20.0,198.4,3347.7,10730.3,20.54,722.0,722.0,970560.0
normal,8,run_5,955760.0,20.0,198.4,2591.9,10807.1,20.54,1531.0,1531.0,970690.0
normal,9,run_1,955760.0,20.0,198.4,1843.7,10809.3,20.54,1001.0,1001.0,969414.0
normal,9,run_2,955760.0,20.0,198.4,1717.7,10818.3,20.54,1379.0,1379.0,969675.0
normal,9,run_3,955760.0,20.0,198.4,3195.7,10746.3,20.54,914.0,914.0,970616.0
normal,9,run_4,955760.0,20.0,198.4,2123.3,10811.7,20.54,2282.0,2282.0,970977.0
normal,9,run_5,955760.0,20.0,198.4,1924.9,10814.1,20.54,2349.0,2349.0,970848.0
uniform,10,run_1,955760.0,20.0,198.4,3021.1,10829.9,20.54,822.0,822.0,970433.0
uniform,10,run_2,955760.0,20.0,198.4,3406.29,10756.71,20.54,2000.0,2000.0,971923.0
uniform,10,run_3,955760.0,20.0,198.4,3444.29,10755.71,20.54,778.0,778.0,970738.0
uniform,10,run_4,955760.0,20.0,198.4,2846.49,10749.51,20.54,1312.0,1312.0,970668.0
uniform,10,run_5,955760.0,20.0,198.4,3114.89,10747.11,20.54,843.0,843.0,970465.0
uniform,11,run_1,955760.0,20.0,198.4,3298.7,10844.3,20.54,1841.0,1841.0,971744.0
uniform,11,run_2,955760.0,20.0,198.4,2891.09,10761.91,20.54,942.0,942.0,970355.0
uniform,11,run_3,955760.0,20.0,198.4,3319.29,10761.71,20.54,2683.0,2683.0,972524.0
uniform,11,run_4,955760.0,20.0,198.4,4681.49,10753.51,20.54,1717.0,1717.0,972912.0
uniform,11,run_5,955760.0,20.0,198.4,2881.29,10764.71,20.54,2057.0,2057.0,971463.0
uniform,12,run_1,955760.0,20.0,198.4,2976.09,10785.91,20.54,1393.0,1393.0,970915.0
uniform,12,run_2,955760.0,20.0,198.4,3261.5,10867.5,20.54,1279.0,1279.0,971168.0
uniform,12,run_3,955760.0,20.0,198.4,4658.09,10782.91,20.54,1225.0,1225.0,972426.0
uniform,12,run_4,955760.0,20.0,198.4,2888.09,10780.91,20.54,5302.0,5302.0,974731.0
uniform,12,run_5,955760.0,20.0,198.4,3040.89,10772.11,20.54,4329.0,4329.0,973902.0
uniform,13,run_1,955760.0,20.0,198.4,3180.29,10788.71,20.54,4397.0,4397.0,974126.0
uniform,13,run_2,955760.0,20.0,198.4,4089.5,10862.5,20.54,3625.0,3625.0,974337.0
uniform,13,run_3,955760.0,20.0,198.4,2964.1,10870.9,20.54,4392.0,4392.0,973987.0
uniform,13,run_4,955760.0,20.0,198.4,4037.69,10781.31,20.54,2779.0,2779.0,973358.0
uniform,13,run_5,955760.0,20.0,198.4,2978.89,10775.11,20.54,2620.0,2620.0,972134.0
uniform,14,run_1,955760.0,20.0,198.4,5344.89,10810.11,20.54,550.0,2929.0,972465.0
uniform,14,run_2,955760.0,20.0,198.4,4413.09,10807.91,20.54,1160.0,1808.0,972141.0
uniform,14,run_3,955760.0,20.0,198.4,3199.9,10894.1,20.54,2687.0,2687.0,972541.0
uniform,14,run_4,955760.0,20.0,198.4,3710.1,10883.9,20.54,2785.0,2785.0,973139.0
uniform,14,run_5,955760.0,20.0,198.4,4588.29,10789.71,20.54,3148.0,5608.0,974286.0
uniform,15,run_1,955760.0,20.0,198.4,3756.09,10820.91,20.54,2864.0,2864.0,973201.0
uniform,15,run_2,955760.0,20.0,198.4,6278.29,10809.71,20.54,3972.0,8350.0,976820.0
uniform,15,run_3,955760.0,20.0,198.4,4486.5,10917.5,20.54,2199.0,4739.0,973363.0
uniform,15,run_4,955760.0,20.0,198.4,3534.3,10897.7,20.54,1970.0,1970.0,972162.0
uniform,15,run_5,955760.0,20.0,198.4,4982.1,10919.9,20.54,397.0,1735.0,972059.0
uniform,16,run_1,955760.0,20.0,198.4,6064.29,10834.71,20.54,532.0,2917.0,973191.0
uniform,16,run_2,955760.0,20.0,198.4,3512.69,10842.31,20.54,2545.0,2545.0,972660.0
uniform,16,run_3,955760.0,20.0,198.4,4214.89,10836.11,20.54,3944.0,6530.0,974755.0
uniform,16,run_4,955760.0,20.0,198.4,4043.9,10936.1,20.54,3002.0,3002.0,973742.0
uniform,16,run_5,955760.0,20.0,198.4,5387.9,10910.1,20.54,2158.0,4683.0,974216.0
uniform,17,run_1,955760.0,20.0,198.4,5378.89,10831.11,20.54,3079.0,5804.0,975049.0
uniform,17,run_2,955760.0,20.0,198.4,4428.29,10852.71,20.54,2330.0,5018.0,973371.0
uniform,17,run_3,955760.0,20.0,198.4,6496.09,10860.91,20.54,3969.0,7126.0,977086.0
uniform,17,run_4,955760.0,20.0,198.4,4261.5,10932.5,20.54,4916.0,4916.0,975870.0
uniform,17,run_5,955760.0,20.0,198.4,4378.1,10934.9,20.54,2167.0,4815.0,973240.0
uniform,18,run_1,955760.0,20.0,198.4,5455.3,10964.7,20.54,1353.0,5874.0,973533.0
uniform,18,run_2,955760.0,20.0,198.4,5383.29,10889.71,20.54,813.0,1573.0,972846.0
uniform,18,run_3,955760.0,20.0,198.4,5448.09,10879.91,20.54,2813.0,6235.0,974901.0
uniform,18,run_4,955760.0,20.0,198.4,5652.3,10964.7,20.54,752.0,2058.0,973129.0
uniform,18,run_5,955760.0,20.0,198.4,6459.5,10968.5,20.54,791.0,2099.0,973979.0
uniform,19,run_1,955760.0,20.0,198.4,5016.3,10973.7,20.54,940.0,2493.0,972690.0
uniform,19,run_2,955760.0,20.0,198.4,5540.09,10898.91,20.54,1021.0,2128.0,973220.0
uniform,19,run_3,955760.0,20.0,198.4,6049.9,10962.1,20.54,603.0,2212.0,973375.0
uniform,19,run_4,955760.0,20.0,198.4,6616.9,10991.1,20.54,787.0,2102.0,974155.0
uniform,19,run_5,955760.0,20.0,198.4,5167.1,10974.9,20.54,2614.0,5244.0,974516.0
uniform,2,run_1,955760.0,20.0,198.4,2874.5,10770.5,20.54,844.0,844.0,970249.0
uniform,2,run_2,955760.0,20.0,198.4,2057.89,10684.11,20.54,665.0,665.0,969167.0
uniform,2,run_3,955760.0,20.0,198.4,1959.49,10684.51,20.54,1055.0,1055.0,969459.0
uniform,2,run_4,955760.0,20.0,198.4,2403.09,10685.91,20.54,344.0,344.0,969193.0
uniform,2,run_5,955760.0,20.0,198.4,3259.09,10685.91,20.54,870.0,870.0,970575.0
uniform,20,run_1,955760.0,20.0,198.4,5691.69,10918.31,20.54,896.0,2296.0,973266.0
uniform,20,run_2,955760.0,20.0,198.4,5247.49,10887.51,20.54,837.0,3915.0,972732.0
uniform,20,run_3,955760.0,20.0,198.4,7981.49,10911.51,20.54,2509.0,7662.0,977162.0
uniform,20,run_4,955760.0,20.0,198.4,6611.9,10982.1,20.54,3238.0,6013.0,976592.0
uniform,20,run_5,955760.0,20.0,198.4,7285.3,11002.7,20.54,378.0,2572.0,974426.0
uniform,21,run_1,955760.0,20.0,198.4,7614.69,10914.31,20.54,4210.0,8038.0,978499.0
uniform,21,run_2,955760.0,20.0,198.4,6544.89,10920.11,20.54,1344.0,8627.0,974569.0
uniform,21,run_3,955760.0,20.0,198.4,6718.69,10940.31,20.54,2250.0,8007.0,975669.0
uniform,21,run_4,955760.0,20.0,198.4,8353.9,11002.1,20.54,2260.0,8375.0,977376.0
uniform,21,run_5,955760.0,20.0,198.4,6971.7,11004.3,20.54,614.0,3264.0,974350.0
uniform,22,run_1,955760.0,20.0,198.4,8158.09,10936.91,20.54,2267.0,5953.0,977122.0
uniform,22,run_2,955760.0,20.0,198.4,7325.09,10955.91,20.54,1020.0,8053.0,975061.0
uniform,22,run_3,955760.0,20.0,198.4,11276.89,10932.11,20.54,3061.0,9303.0,981030.0
uniform,22,run_4,955760.0,20.0,198.4,7464.3,11025.7,20.54,1463.0,5582.0,975713.0
uniform,22,run_5,955760.0,20.0,198.4,6106.7,11001.3,20.54,746.0,4028.0,973614.0
uniform,23,run_1,955760.0,20.0,198.4,8418.49,10925.51,20.54,2820.0,6707.0,977924.0
uniform,23,run_2,955760.0,20.0,198.4,10107.29,10952.71,20.54,857.0,4260.0,977677.0
uniform,23,run_3,955760.0,20.0,198.4,6659.9,11001.1,20.54,1221.0,2863.0,974642.0
uniform,23,run_4,955760.0,20.0,198.4,5883.5,11021.5,20.54,1345.0,2859.0,974010.0
uniform,23,run_5,955760.0,20.0,198.4,8732.7,11036.3,20.54,1048.0,3344.0,976577.0
uniform,24,run_1,955760.0,20.0,198.4,7255.69,10941.31,20.54,1402.0,3051.0,975359.0
uniform,24,run_2,955760.0,20.0,198.4,7323.7,11035.3,20.54,990.0,3372.0,975109.0
uniform,24,run_3,955760.0,20.0,198.4,9508.1,11047.9,20.54,2351.0,9462.0,978667.0
uniform,24,run_4,955760.0,20.0,198.4,8846.3,11031.7,20.54,3861.0,9982.0,979499.0
uniform,24,run_5,955760.0,20.0,198.4,6843.29,10959.71,20.54,1367.0,3672.0,974930.0
uniform,25,run_1,955760.0,20.0,198.4,9060.3,11055.7,20.54,1089.0,3142.0,976965.0
uniform,25,run_2,955760.0,20.0,198.4,10041.09,10982.91,20.54,393.0,3836.0,977177.0
uniform,25,run_3,955760.0,20.0,198.4,9306.49,10983.51,20.54,588.0,4045.0,976638.0
uniform,25,run_4,955760.0,20.0,198.4,7534.9,11085.1,20.54,2996.0,11202.0,977376.0
uniform,25,run_5,955760.0,20.0,198.4,6008.89,10976.11,20.54,2224.0,10571.0,974969.0
uniform,26,run_1,955760.0,20.0,198.4,14770.5,11076.5,20.54,3216.0,9625.0,984823.0
uniform,26,run_2,955760.0,20.0,198.4,9299.3,11048.7,20.54,4186.0,11765.0,980294.0
uniform,26,run_3,955760.0,20.0,198.4,9667.69,10987.31,20.54,2448.0,13661.0,978863.0
uniform,26,run_4,955760.0,20.0,198.4,9441.89,10974.11,20.54,1201.0,6947.0,977377.0
uniform,26,run_5,955760.0,20.0,198.4,9875.9,11074.1,20.54,3248.0,7437.0,979958.0
uniform,27,run_1,955760.0,20.0,198.4,8146.3,11044.7,20.54,1186.0,5385.0,976137.0
uniform,27,run_2,955760.0,20.0,198.4,9909.29,10977.71,20.54,1482.0,5848.0,978129.0
uniform,27,run_3,955760.0,20.0,198.4,9530.09,10969.91,20.54,1295.0,4188.0,977555.0
uniform,27,run_4,955760.0,20.0,198.4,10313.1,11093.9,20.54,1138.0,5526.0,978305.0
uniform,27,run_5,955760.0,20.0,198.4,11904.89,10977.11,20.54,565.0,4374.0,979207.0
uniform,28,run_1,955760.0,20.0,198.4,10941.09,10981.91,20.54,1018.0,3872.0,978701.0
uniform,28,run_2,955760.0,20.0,198.4,9677.3,11076.7,20.54,655.0,4566.0,977169.0
uniform,28,run_3,955760.0,20.0,198.4,9857.29,10992.71,20.54,825.0,3864.0,977435.0
uniform,28,run_4,955760.0,20.0,198.4,10039.3,11060.7,20.54,1406.0,6163.0,978266.0
uniform,28,run_5,955760.0,20.0,198.4,7714.89,10978.11,20.54,3271.0,7313.0,977724.0
uniform,29,run_1,955760.0,20.0,198.4,9835.3,11084.7,20.54,1374.0,8154.0,978054.0
uniform,29,run_2,955760.0,20.0,198.4,9489.1,11097.9,20.54,1510.0,4305.0,977857.0
uniform,29,run_3,955760.0,20.0,198.4,10599.69,11002.31,20.54,797.0,5964.0,978159.0
uniform,29,run_4,955760.0,20.0,198.4,14639.1,11129.9,20.54,988.0,4481.0,982517.0
uniform,29,run_5,955760.0,20.0,198.4,12016.7,11117.3,20.54,657.0,4699.0,979551.0
uniform,3,run_1,955760.0,20.0,198.4,2083.5,10771.5,20.54,645.0,645.0,969260.0
uniform,3,run_2,955760.0,20.0,198.4,2297.5,10772.5,20.54,969.0,969.0,969799.0
uniform,3,run_3,955760.0,20.0,198.4,2878.7,10770.3,20.54,1499.0,1499.0,970908.0
uniform,3,run_4,955760.0,20.0,198.4,1685.7,10771.3,20.54,563.0,563.0,968780.0
uniform,3,run_5,955760.0,20.0,198.4,2260.89,10688.11,20.54,818.0,818.0,969527.0
uniform,30,run_1,955760.0,20.0,198.4,9248.5,11105.5,20.54,2196.0,4311.0,978310.0
uniform,30,run_2,955760.0,20.0,198.4,12914.49,11016.51,20.54,2916.0,11970.0,982607.0
uniform,30,run_3,955760.0,20.0,198.4,15118.69,11019.31,20.54,1157.0,8856.0,983055.0
uniform,30,run_4,955760.0,20.0,198.4,10720.5,11126.5,20.54,1672.0,5203.0,979279.0
uniform,30,run_5,955760.0,20.0,198.4,9587.09,11004.91,20.54,2434.0,4476.0,978786.0
uniform,31,run_1,955760.0,20.0,198.4,12568.1,11108.9,20.54,863.0,5262.0,980300.0
uniform,31,run_2,955760.0,20.0,198.4,11345.7,11097.3,20.54,3135.0,7176.0,981338.0
uniform,31,run_3,955760.0,20.0,198.4,12244.7,11102.3,20.54,1183.0,7319.0,980290.0
uniform,31,run_4,955760.0,20.0,198.4,11415.29,11025.71,20.54,3393.0,12153.0,981594.0
uniform,31,run_5,955760.0,20.0,198.4,14178.29,11015.71,20.54,1237.0,7913.0,982191.0
uniform,32,run_1,955760.0,20.0,198.4,14694.7,11169.3,20.54,3754.0,16441.0,985378.0
uniform,32,run_2,955760.0,20.0,198.4,14559.9,11131.1,20.54,1311.0,6502.0,982762.0
uniform,32,run_3,955760.0,20.0,198.4,13907.89,11039.11,20.54,1259.0,5186.0,981966.0
uniform,32,run_4,955760.0,20.0,198.4,13591.5,11131.5,20.54,899.0,7264.0,981382.0
uniform,32,run_5,955760.0,20.0,198.4,14602.5,11120.5,20.54,1075.0,8220.0,982558.0
uniform,33,run_1,955760.0,20.0,198.4,11723.89,11034.11,20.54,1860.0,6776.0,980378.0
uniform,33,run_2,955760.0,20.0,198.4,8701.1,11118.9,20.54,6000.0,11789.0,981580.0
uniform,33,run_3,955760.0,20.0,198.4,12484.49,11028.51,20.54,3623.0,10214.0,982896.0
uniform,33,run_4,955760.0,20.0,198.4,14728.29,11055.71,20.54,2729.0,11881.0,984273.0
uniform,33,run_5,955760.0,20.0,198.4,12964.5,11128.5,20.54,3515.0,12839.0,983368.0
uniform,34,run_1,955760.0,20.0,198.4,13199.09,11059.91,20.54,3876.0,10829.0,983895.0
uniform,34,run_2,955760.0,20.0,198.4,13558.1,11132.9,20.54,943.0,5595.0,981394.0
uniform,34,run_3,955760.0,20.0,198.4,15788.89,11058.11,20.54,1234.0,13942.0,983841.0
uniform,34,run_4,955760.0,20.0,198.4,16978.5,11137.5,20.54,2929.0,8514.0,986805.0
uniform,34,run_5,955760.0,20.0,198.4,12346.1,11126.9,20.54,1657.0,8824.0,980890.0
uniform,35,run_1,955760.0,20.0,198.4,13933.29,11082.71,20.54,1573.0,5603.0,982349.0
uniform,35,run_2,955760.0,20.0,198.4,16834.09,11045.91,20.54,839.0,6223.0,984479.0
uniform,35,run_3,955760.0,20.0,198.4,17406.89,11064.11,20.54,1799.0,9052.0,986030.0
uniform,35,run_4,955760.0,20.0,198.4,19187.7,11144.3,20.54,730.0,6044.0,986822.0
uniform,35,run_5,955760.0,20.0,198.4,15826.9,11155.1,20.54,1001.0,7368.0,983743.0
uniform,36,run_1,955760.0,20.0,198.4,17741.09,11047.91,20.54,1431.0,6141.0,985980.0
uniform,36,run_2,955760.0,20.0,198.4,17131.1,11161.9,20.54,755.0,6777.0,984808.0
uniform,36,run_3,955760.0,20.0,198.4,16741.89,11070.11,20.54,1043.0,8062.0,984615.0
uniform,36,run_4,955760.0,20.0,198.4,15793.7,11135.3,20.54,787.0,6571.0,983476.0
uniform,36,run_5,955760.0,20.0,198.4,15998.9,11155.1,20.54,1313.0,5679.0,984227.0
uniform,37,run_1,955760.0,20.0,198.4,19017.49,11086.51,20.54,2265.0,19042.0,988129.0
uniform,37,run_2,955760.0,20.0,198.4,16056.1,11150.9,20.54,861.0,10054.0,983828.0
uniform,37,run_3,955760.0,20.0,198.4,20251.3,11155.7,20.54,1409.0,12393.0,988576.0
uniform,37,run_4,955760.0,20.0,198.4,16509.69,11096.31,20.54,734.0,5761.0,984100.0
uniform,37,run_5,955760.0,20.0,198.4,13481.9,11156.1,20.54,1918.0,5962.0,982316.0
uniform,38,run_1,955760.0,20.0,198.4,15636.49,11078.51,20.54,1948.0,8112.0,984423.0
uniform,38,run_2,955760.0,20.0,198.4,14332.5,11172.5,20.54,3555.0,8658.0,984820.0
uniform,38,run_3,955760.0,20.0,198.4,14633.49,11083.51,20.54,1844.0,6197.0,983321.0
uniform,38,run_4,955760.0,20.0,198.4,14215.3,11185.7,20.54,1234.0,7250.0,982395.0
uniform,38,run_5,955760.0,20.0,198.4,17493.3,11175.7,20.54,3528.0,17700.0,987957.0
uniform,39,run_1,955760.0,20.0,198.4,20529.69,11126.31,20.54,1260.0,12574.0,988676.0
uniform,39,run_2,955760.0,20.0,198.4,21192.7,11185.3,20.54,2027.0,19517.0,990165.0
uniform,39,run_3,955760.0,20.0,198.4,20524.3,11191.7,20.54,1303.0,7169.0,988779.0
uniform,39,run_4,955760.0,20.0,198.4,20167.1,11178.9,20.54,3359.0,11064.0,990465.0
uniform,39,run_5,955760.0,20.0,198.4,21618.09,11087.91,20.54,1421.0,13302.0,989887.0
uniform,4,run_1,955760.0,20.0,198.4,3408.89,10689.11,20.54,1776.0,1776.0,971634.0
uniform,4,run_2,955760.0,20.0,198.4,2317.1,10775.9,20.54,321.0,321.0,969174.0
uniform,4,run_3,955760.0,20.0,198.4,2303.09,10689.91,20.54,457.0,457.0,969210.0
uniform,4,run_4,955760.0,20.0,198.4,2015.49,10686.51,20.54,430.0,430.0,968892.0
uniform,4,run_5,955760.0,20.0,198.4,2594.49,10689.51,20.54,393.0,393.0,969437.0
uniform,40,run_1,955760.0,20.0,198.4,19428.09,11117.91,20.54,905.0,7553.0,987211.0
uniform,40,run_2,955760.0,20.0,198.4,17237.5,11181.5,20.54,875.0,6731.0,985054.0
uniform,40,run_3,955760.0,20.0,198.4,23064.49,11096.51,20.54,723.0,7262.0,990644.0
uniform,40,run_4,955760.0,20.0,198.4,22204.9,11193.1,20.54,1046.0,11275.0,990204.0
uniform,40,run_5,955760.0,20.0,198.4,14876.1,11176.9,20.54,1934.0,7233.0,983747.0
uniform,41,run_1,955760.0,20.0,198.4,20914.7,11206.3,20.54,1131.0,7561.0,989012.0
uniform,41,run_2,955760.0,20.0,198.4,18797.09,11102.91,20.54,1629.0,7378.0,987289.0
uniform,41,run_3,955760.0,20.0,198.4,22536.49,11102.51,20.54,697.0,7001.0,990096.0
uniform,41,run_4,955760.0,20.0,198.4,19943.1,11195.9,20.54,1881.0,11046.0,988780.0
uniform,41,run_5,955760.0,20.0,198.4,18038.29,11113.71,20.54,1042.0,8897.0,985954.0
uniform,42,run_1,955760.0,20.0,198.4,21219.7,11209.3,20.54,868.0,8986.0,989057.0
uniform,42,run_2,955760.0,20.0,198.4,22978.1,11220.9,20.54,725.0,11080.0,990684.0
uniform,42,run_3,955760.0,20.0,198.4,15346.7,11194.3,20.54,1621.0,7980.0,983922.0
uniform,42,run_4,955760.0,20.0,198.4,14525.09,11102.91,20.54,2497.0,6806.0,983885.0
uniform,42,run_5,955760.0,20.0,198.4,20335.7,11221.3,20.54,3086.0,15719.0,990403.0
uniform,43,run_1,955760.0,20.0,198.4,23392.1,11235.9,20.54,867.0,13013.0,991255.0
uniform,43,run_2,955760.0,20.0,198.4,21853.5,11223.5,20.54,1399.0,12394.0,990236.0
uniform,43,run_3,955760.0,20.0,198.4,21150.7,11203.3,20.54,1417.0,11002.0,989531.0
uniform,43,run_4,955760.0,20.0,198.4,22455.09,11125.91,20.54,1841.0,10281.0,991182.0
uniform,43,run_5,955760.0,20.0,198.4,18810.3,11214.7,20.54,945.0,7657.0,986730.0
uniform,44,run_1,955760.0,20.0,198.4,24990.69,11127.31,20.54,730.0,7709.0,992608.0
uniform,44,run_2,955760.0,20.0,198.4,19857.7,11218.3,20.54,1803.0,8596.0,988639.0
uniform,44,run_3,955760.0,20.0,198.4,23486.09,11119.91,20.54,925.0,12018.0,991291.0
uniform,44,run_4,955760.0,20.0,198.4,24625.7,11250.3,20.54,720.0,9997.0,992356.0
uniform,44,run_5,955760.0,20.0,198.4,23868.69,11131.31,20.54,971.0,9544.0,991731.0
uniform,45,run_1,955760.0,20.0,198.4,23059.3,11215.7,20.54,823.0,7897.0,990858.0
uniform,45,run_2,955760.0,20.0,198.4,17109.7,11199.3,20.54,1520.0,7841.0,985589.0
uniform,45,run_3,955760.0,20.0,198.4,21433.89,11139.11,20.54,1478.0,12633.0,989811.0
uniform,45,run_4,955760.0,20.0,198.4,23245.9,11253.1,20.54,1424.0,8831.0,991683.0
uniform,45,run_5,955760.0,20.0,198.4,16257.7,11204.3,20.54,2052.0,8223.0,985274.0
uniform,46,run_1,955760.0,20.0,198.4,20967.7,11207.3,20.54,1797.0,7860.0,989732.0
uniform,46,run_2,955760.0,20.0,198.4,17399.5,11210.5,20.54,2770.0,7941.0,987140.0
uniform,46,run_3,955760.0,20.0,198.4,21455.7,11224.3,20.54,3102.0,20440.0,991542.0
uniform,46,run_4,955760.0,20.0,198.4,23815.1,11225.9,20.54,1515.0,10070.0,992316.0
uniform,46,run_5,955760.0,20.0,198.4,26991.69,11168.31,20.54,791.0,9174.0,994711.0
uniform,47,run_1,955760.0,20.0,198.4,26648.7,11263.3,20.54,820.0,8542.0,994492.0
uniform,47,run_2,955760.0,20.0,198.4,18436.49,11120.51,20.54,2342.0,8462.0,987659.0
uniform,47,run_3,955760.0,20.0,198.4,24756.3,11259.7,20.54,1487.0,9857.0,993263.0
uniform,47,run_4,955760.0,20.0,198.4,22998.89,11132.11,20.54,1467.0,10552.0,991358.0
uniform,47,run_5,955760.0,20.0,198.4,24857.5,11244.5,20.54,729.0,8687.0,992591.0
uniform,48,run_1,955760.0,20.0,198.4,23405.1,11247.9,20.54,1076.0,9982.0,991489.0
uniform,48,run_2,955760.0,20.0,198.4,24614.09,11157.91,20.54,1435.0,10903.0,992967.0
uniform,48,run_3,955760.0,20.0,198.4,19808.1,11220.9,20.54,2398.0,12671.0,989187.0
uniform,48,run_4,955760.0,20.0,198.4,22191.29,11166.71,20.54,1619.0,10285.0,990737.0
uniform,48,run_5,955760.0,20.0,198.4,26998.69,11154.31,20.54,1435.0,11315.0,995348.0
uniform,49,run_1,955760.0,20.0,198.4,24312.1,11245.9,20.54,5508.0,29870.0,996826.0
uniform,49,run_2,955760.0,20.0,198.4,29298.29,11191.71,20.54,756.0,12929.0,997006.0
uniform,49,run_3,955760.0,20.0,198.4,26824.9,11261.1,20.54,1502.0,15721.0,995348.0
uniform,49,run_4,955760.0,20.0,198.4,25555.49,11202.51,20.54,1803.0,17959.0,994321.0
uniform,49,run_5,955760.0,20.0,198.4,23586.7,11222.3,20.54,1475.0,10533.0,992044.0
uniform,5,run_1,955760.0,20.0,198.4,2086.09,10693.91,20.54,716.0,716.0,969256.0
uniform,5,run_2,955760.0,20.0,198.4,3149.5,10775.5,20.54,420.0,420.0,970105.0
uniform,5,run_3,955760.0,20.0,198.4,1912.9,10777.1,20.54,2090.0,2090.0,970540.0
uniform,5,run_4,955760.0,20.0,198.4,2593.89,10694.11,20.54,388.0,388.0,969436.0
uniform,5,run_5,955760.0,20.0,198.4,3067.1,10778.9,20.54,1135.0,1135.0,970741.0
uniform,50,run_1,955760.0,20.0,198.4,26413.49,11173.51,20.54,1479.0,11519.0,994826.0
uniform,50,run_2,955760.0,20.0,198.4,24127.9,11217.1,20.54,1375.0,8489.0,992480.0
uniform,50,run_3,955760.0,20.0,198.4,26984.3,11234.7,20.54,824.0,9960.0,994803.0
uniform,50,run_4,955760.0,20.0,198.4,26870.49,11153.51,20.54,1431.0,10618.0,995215.0
uniform,50,run_5,955760.0,20.0,198.4,25436.1,11286.9,20.54,1815.0,12289.0,994298.0
uniform,51,run_1,955760.0,20.0,198.4,24939.69,11177.31,20.54,1288.0,8998.0,993165.0
uniform,51,run_2,955760.0,20.0,198.4,28041.7,11295.3,20.54,1532.0,9726.0,996629.0
uniform,51,run_3,955760.0,20.0,198.4,27366.7,11273.3,20.54,825.0,15408.0,995225.0
uniform,51,run_4,955760.0,20.0,198.4,22583.89,11150.11,20.54,4023.0,16506.0,993517.0
uniform,51,run_5,955760.0,20.0,198.4,25168.7,11266.3,20.54,3078.0,21886.0,995273.0
uniform,52,run_1,955760.0,20.0,198.4,27036.3,11286.7,20.54,1661.0,10995.0,995744.0
uniform,52,run_2,955760.0,20.0,198.4,27601.09,11145.91,20.54,1566.0,10795.0,996073.0
uniform,52,run_3,955760.0,20.0,198.4,28235.1,11275.9,20.54,2703.0,22943.0,997974.0
uniform,52,run_4,955760.0,20.0,198.4,22362.29,11150.71,20.54,2369.0,12442.0,991642.0
uniform,52,run_5,955760.0,20.0,198.4,27202.5,11262.5,20.54,949.0,10237.0,995174.0
uniform,53,run_1,955760.0,20.0,198.4,28176.89,11171.11,20.54,1545.0,11680.0,996653.0
uniform,53,run_2,955760.0,20.0,198.4,27741.3,11273.7,20.54,1825.0,15351.0,996600.0
uniform,53,run_3,955760.0,20.0,198.4,26673.1,11255.9,20.54,1502.0,12024.0,995191.0
uniform,53,run_4,955760.0,20.0,198.4,26109.69,11181.31,20.54,1617.0,15076.0,994668.0
uniform,53,run_5,955760.0,20.0,198.4,20418.5,11253.5,20.54,3532.0,32100.0,990964.0
uniform,54,run_1,955760.0,20.0,198.4,28860.49,11175.51,20.54,1134.0,22539.0,996930.0
uniform,54,run_2,955760.0,20.0,198.4,25201.3,11238.7,20.54,1050.0,9085.0,993250.0
uniform,54,run_3,955760.0,20.0,198.4,25737.9,11271.1,20.54,1743.0,10521.0,994512.0
uniform,54,run_4,955760.0,20.0,198.4,27348.69,11180.31,20.54,1544.0,11474.0,995833.0
uniform,54,run_5,955760.0,20.0,198.4,30930.7,11294.3,20.54,1665.0,11343.0,999650.0
uniform,55,run_1,955760.0,20.0,198.4,30529.5,11292.5,20.54,1699.0,12626.0,999281.0
uniform,55,run_2,955760.0,20.0,198.4,25449.7,11263.3,20.54,2139.0,12439.0,994612.0
uniform,55,run_3,955760.0,20.0,198.4,29834.5,11294.5,20.54,1003.0,10230.0,997892.0
uniform,55,run_4,955760.0,20.0,198.4,24818.5,11279.5,20.54,2017.0,16232.0,993875.0
uniform,55,run_5,955760.0,20.0,198.4,28282.09,11196.91,20.54,1745.0,10779.0,996984.0
uniform,56,run_1,955760.0,20.0,198.4,27519.9,11279.1,20.54,1575.0,15394.0,996134.0
uniform,56,run_2,955760.0,20.0,198.4,29209.7,11259.3,20.54,1002.0,11419.0,997231.0
uniform,56,run_3,955760.0,20.0,198.4,28674.1,11297.9,20.54,2046.0,16575.0,997778.0
uniform,56,run_4,955760.0,20.0,198.4,27632.9,11264.1,20.54,2107.0,11781.0,996764.0
uniform,56,run_5,955760.0,20.0,198.4,29584.89,11168.11,20.54,1732.0,11134.0,998245.0
uniform,57,run_1,955760.0,20.0,198.4,31147.5,11298.5,20.54,1237.0,14334.0,999443.0
uniform,57,run_2,955760.0,20.0,198.4,30281.9,11265.1,20.54,919.0,10559.0,998226.0
uniform,57,run_3,955760.0,20.0,198.4,30994.5,11288.5,20.54,1450.0,19403.0,999493.0
uniform,57,run_4,955760.0,20.0,198.4,29606.89,11212.11,20.54,2108.0,13676.0,998687.0
uniform,57,run_5,955760.0,20.0,198.4,32350.7,11277.3,20.54,937.0,13762.0,1000325.0
uniform,58,run_1,955760.0,20.0,198.4,30812.89,11194.11,20.54,1634.0,11903.0,999401.0
uniform,58,run_2,955760.0,20.0,198.4,29297.89,11198.11,20.54,3727.0,26555.0,999983.0
uniform,58,run_3,955760.0,20.0,198.4,29904.29,11195.71,20.54,1700.0,11739.0,998560.0
uniform,58,run_4,955760.0,20.0,198.4,30136.89,11209.11,20.54,1672.0,13642.0,998778.0
uniform,58,run_5,955760.0,20.0,198.4,31750.69,11209.31,20.54,1772.0,14053.0,1000492.0
uniform,59,run_1,955760.0,20.0,198.4,30793.29,11208.71,20.54,1482.0,12131.0,999244.0
uniform,59,run_2,955760.0,20.0,198.4,27913.9,11302.1,20.54,1774.0,15667.0,996750.0
uniform,59,run_3,955760.0,20.0,198.4,27482.09,11189.91,20.54,1609.0,17534.0,996041.0
uniform,59,run_4,955760.0,20.0,198.4,29823.69,11203.31,20.54,1750.0,12794.0,998537.0
uniform,59,run_5,955760.0,20.0,198.4,31287.1,11302.9,20.54,2329.0,19908.0,1000679.0
uniform,6,run_1,955760.0,20.0,198.4,2305.29,10701.71,20.54,715.0,715.0,969482.0
uniform,6,run_2,955760.0,20.0,198.4,1952.29,10705.71,20.54,727.0,727.0,969145.0
uniform,6,run_3,955760.0,20.0,198.4,2788.5,10790.5,20.54,411.0,411.0,969750.0
uniform,6,run_4,955760.0,20.0,198.4,1844.7,10792.3,20.54,3935.0,3935.0,972332.0
uniform,6,run_5,955760.0,20.0,198.4,1871.3,10786.7,20.54,3936.0,3936.0,972354.0
uniform,60,run_1,955760.0,20.0,198.4,32428.69,11206.31,20.54,1226.0,13960.0,1000621.0
uniform,60,run_2,955760.0,20.0,198.4,30153.89,11223.11,20.54,1825.0,13025.0,998962.0
uniform,60,run_3,955760.0,20.0,198.4,31015.49,11231.51,20.54,2143.0,13595.0,1000150.0
uniform,60,run_4,955760.0,20.0,198.4,31034.49,11216.51,20.54,6371.0,42773.0,1004382.0
uniform,60,run_5,955760.0,20.0,198.4,30763.3,11299.7,20.54,1112.0,23077.0,998935.0
uniform,61,run_1,955760.0,20.0,198.4,30994.3,11303.7,20.54,2223.0,13777.0,1000281.0
uniform,61,run_2,955760.0,20.0,198.4,31347.29,11216.71,20.54,4588.0,23258.0,1002912.0
uniform,61,run_3,955760.0,20.0,198.4,31659.09,11217.91,20.54,1045.0,12906.0,999682.0
uniform,61,run_4,955760.0,20.0,198.4,30139.09,11239.91,20.54,1637.0,12610.0,998776.0
uniform,61,run_5,955760.0,20.0,198.4,32397.29,11233.71,20.54,2256.0,16764.0,1001647.0
uniform,62,run_1,955760.0,20.0,198.4,31524.69,11214.31,20.54,1659.0,14559.0,1000158.0
uniform,62,run_2,955760.0,20.0,198.4,30681.1,11316.9,20.54,2289.0,16594.0,1000047.0
uniform,62,run_3,955760.0,20.0,198.4,33167.89,11238.11,20.54,1109.0,14635.0,1001275.0
uniform,62,run_4,955760.0,20.0,198.4,31777.7,11297.3,20.54,1645.0,12923.0,1000480.0
uniform,62,run_5,955760.0,20.0,198.4,32552.7,11296.3,20.54,1456.0,16980.0,1001065.0
uniform,63,run_1,955760.0,20.0,198.4,34370.49,11239.51,20.54,2035.0,17984.0,1003405.0
uniform,63,run_2,955760.0,20.0,198.4,31360.49,11213.51,20.54,2087.0,15563.0,1000421.0
uniform,63,run_3,955760.0,20.0,198.4,32600.1,11317.9,20.54,2721.0,16426.0,1002399.0
uniform,63,run_4,955760.0,20.0,198.4,31183.3,11304.7,20.54,2709.0,16884.0,1000957.0
uniform,63,run_5,955760.0,20.0,198.4,30549.49,11242.51,20.54,1183.0,14650.0,998735.0
uniform,64,run_1,955760.0,20.0,198.4,34214.1,11304.9,20.54,1009.0,14650.0,1002288.0
uniform,64,run_2,955760.0,20.0,198.4,32120.7,11304.3,20.54,2891.0,13157.0,1002076.0
uniform,64,run_3,955760.0,20.0,198.4,33856.09,11250.91,20.54,4314.0,30219.0,1005181.0
uniform,64,run_4,955760.0,20.0,198.4,32394.1,11312.9,20.54,2326.0,22300.0,1001793.0
uniform,64,run_5,955760.0,20.0,198.4,33650.5,11311.5,20.54,1894.0,12832.0,1002616.0
uniform,65,run_1,955760.0,20.0,198.4,32917.5,11316.5,20.54,1963.0,12291.0,1001957.0
uniform,65,run_2,955760.0,20.0,198.4,32976.9,11299.1,20.54,2265.0,14792.0,1002301.0
uniform,65,run_3,955760.0,20.0,198.4,33926.69,11199.31,20.54,1084.0,19820.0,1001970.0
uniform,65,run_4,955760.0,20.0,198.4,32247.29,11242.71,20.54,1869.0,13866.0,1001119.0
uniform,65,run_5,955760.0,20.0,198.4,34999.5,11311.5,20.54,1383.0,17411.0,1003454.0
uniform,7,run_1,955760.0,20.0,198.4,2057.89,10712.11,20.54,2320.0,2320.0,970850.0
uniform,7,run_2,955760.0,20.0,198.4,2925.29,10719.71,20.54,2118.0,2118.0,971523.0
uniform,7,run_3,955760.0,20.0,198.4,2402.89,10717.11,20.54,2155.0,2155.0,971035.0
uniform,7,run_4,955760.0,20.0,198.4,2146.7,10801.3,20.54,2166.0,2166.0,970874.0
uniform,7,run_5,955760.0,20.0,198.4,4151.9,10796.1,20.54,470.0,470.0,971178.0
uniform,8,run_1,955760.0,20.0,198.4,2176.7,10806.3,20.54,877.0,877.0,969620.0
uniform,8,run_2,955760.0,20.0,198.4,3246.49,10725.51,20.54,757.0,757.0,970489.0
uniform,8,run_3,955760.0,20.0,198.4,2057.09,10718.91,20.54,1212.0,1212.0,969748.0
uniform,8,run_4,955760.0,20.0,198.4,1730.49,10729.51,20.54,444.0,444.0,968664.0
uniform,8,run_5,955760.0,20.0,198.4,1984.5,10803.5,20.54,806.0,806.0,969354.0
uniform,9,run_1,955760.0,20.0,198.4,2988.3,10817.7,20.54,1390.0,1390.0,970956.0
uniform,9,run_2,955760.0,20.0,198.4,2373.29,10733.71,20.54,1651.0,1651.0,970518.0
uniform,9,run_3,955760.0,20.0,198.4,1797.09,10729.91,20.54,779.0,779.0,969066.0
uniform,9,run_4,955760.0,20.0,198.4,1764.29,10725.71,20.54,2397.0,2397.0,970647.0
uniform,9,run_5,955760.0,20.0,198.4,1836.7,10823.3,20.54,670.0,670.0,969090.0
