,x_0,x_1,x_10,x_11,x_12,x_13,x_14,x_15,x_16,x_17,x_18,x_2,x_3,x_4,x_5,x_6,x_7,x_8,x_9,chain_break_fraction,energy,num_occurrences
0,1,1,1,0,1,1,0,0,0,0,1,0,1,0,0,1,0,0,1,0.0,-568.9399999999999,9
1,0,0,0,1,0,0,1,1,1,1,0,1,0,1,1,0,1,1,0,0.0,-568.9400000000002,111
2,1,1,1,0,1,1,0,0,0,0,1,0,1,0,1,1,0,0,1,0.0,-568.3899999999998,9
3,0,0,0,1,0,0,1,1,1,1,0,1,0,1,0,0,1,1,0,0.0,-568.3900000000001,175
4,1,1,1,1,1,1,0,0,0,0,1,0,1,0,0,0,0,0,1,0.0,-567.8299999999999,2
5,0,0,0,0,0,0,1,1,1,1,0,1,0,1,1,1,1,1,0,0.0,-567.83,51
6,0,0,0,1,0,0,1,1,1,1,0,1,0,1,1,1,1,1,0,0.0,-567.7000000000002,52
7,1,1,1,0,1,1,0,0,0,0,1,0,1,0,0,0,0,0,1,0.0,-567.6999999999999,4
8,0,0,0,1,0,0,1,1,1,1,0,1,0,1,0,1,1,1,0,0.0,-564.5900000000001,67
9,1,1,1,0,1,1,0,0,0,0,1,0,1,0,1,0,0,0,1,0.0,-564.5899999999999,9
10,0,0,0,1,0,1,1,1,1,1,0,1,0,1,0,0,1,1,0,0.0,-564.35,155
11,1,1,1,0,1,0,0,0,0,0,1,0,1,0,1,1,0,0,1,0.0,-564.3499999999998,6
12,1,0,1,1,1,1,0,1,0,0,1,0,1,0,0,0,0,0,1,0.0,-564.06,122
13,0,1,0,0,0,0,1,0,1,1,0,1,0,1,1,1,1,1,0,0.0,-564.0599999999998,259
14,0,0,0,1,0,0,1,1,1,0,0,1,0,1,1,0,1,1,0,0.0,-563.6500000000001,25
15,1,1,1,0,1,1,0,0,0,1,1,0,1,0,0,1,0,0,1,0.0,-563.6499999999996,3
16,1,1,1,0,1,1,0,0,0,0,1,0,0,0,0,1,0,0,1,0.0,-562.4799999999999,3
17,0,0,0,1,0,0,1,1,1,1,0,1,1,1,1,0,1,1,0,0.0,-562.4799999999999,92
18,1,1,1,0,1,0,1,0,0,0,1,0,1,0,1,1,0,0,1,0.0,-559.3099999999998,9
19,0,0,0,1,0,1,0,1,1,1,0,1,0,1,0,0,1,1,0,0.0,-559.3100000000001,38
20,1,0,0,1,0,1,0,1,1,1,0,1,0,0,0,1,1,1,0,0.0,-559.01,11
21,0,1,1,0,1,0,1,0,0,0,1,0,1,1,1,0,0,0,1,0.0,-559.01,5
22,1,1,1,0,1,1,1,0,0,0,1,0,1,0,1,1,0,0,1,0.0,-558.8899999999999,10
23,0,0,0,1,0,0,0,1,1,1,0,1,0,1,0,0,1,1,0,0.0,-558.8900000000001,43
24,0,1,0,1,0,0,1,1,1,0,0,1,0,1,1,0,1,1,0,0.0,-558.8499999999997,9
25,1,0,1,0,1,1,0,0,0,1,1,0,1,0,0,1,0,0,1,0.0,-558.8499999999997,3
26,0,0,0,1,0,0,0,1,1,1,0,1,0,1,0,1,1,1,0,0.0,-558.6700000000001,23
27,1,1,1,0,1,1,1,0,0,0,1,0,1,0,1,0,0,0,1,0.0,-558.6700000000001,3
28,1,0,0,1,0,1,0,1,1,1,0,1,0,1,0,0,0,1,0,0.0,-554.8799999999999,21
29,0,1,1,0,1,0,1,0,0,0,1,0,1,0,1,1,1,0,1,0.0,-554.8799999999999,3
30,1,1,1,0,1,1,0,0,0,0,1,0,0,0,1,1,0,0,1,0.0,-554.49,1
31,0,0,0,1,0,0,1,1,1,1,0,1,1,1,0,0,1,1,0,0.0,-554.49,30
32,1,0,0,1,0,1,0,1,1,1,0,1,0,0,0,0,1,1,0,0.0,-554.17,4
33,0,0,0,1,0,0,1,1,1,0,0,1,1,1,1,0,1,1,0,0.0,-553.0099999999999,14
34,1,0,1,0,1,1,0,1,0,1,1,0,1,0,0,1,0,0,1,0.0,-552.8599999999997,4
35,0,1,0,1,0,0,1,0,1,0,0,1,0,1,1,0,1,1,0,0.0,-552.8599999999998,17
36,1,0,1,1,1,1,0,1,0,1,1,0,1,0,0,0,0,0,1,0.0,-552.6299999999998,20
37,0,1,0,0,0,0,1,0,1,0,0,1,0,1,1,1,1,1,0,0.0,-552.6299999999998,57
38,0,1,0,0,0,0,1,1,1,1,0,1,0,1,1,1,1,1,0,0.0,-550.9499999999998,1
39,0,0,0,1,0,0,0,1,1,1,0,1,0,1,1,1,1,1,0,0.0,-550.9000000000001,2
40,0,0,0,1,0,1,1,1,1,1,0,1,0,0,0,0,1,1,0,0.0,-550.47,2
41,0,0,0,1,0,0,1,1,1,1,0,1,1,1,1,0,0,1,0,0.0,-550.3900000000001,12
42,1,1,1,0,1,1,0,0,0,0,1,0,0,0,0,1,1,0,1,0.0,-550.3899999999999,1
43,1,0,1,1,1,1,0,1,0,0,1,0,1,0,0,0,0,1,1,0.0,-549.7900000000001,88
44,0,1,0,0,0,0,1,0,1,1,0,1,0,1,1,1,1,0,0,0.0,-549.7899999999997,172
45,0,1,1,1,1,0,1,0,0,0,1,0,1,1,1,0,0,0,1,0.0,-549.0000000000001,1
46,1,0,0,0,0,1,0,1,1,1,0,1,0,0,0,1,1,1,0,0.0,-548.9999999999998,5
47,0,0,0,1,0,1,1,1,1,0,0,1,0,1,1,0,1,1,0,0.0,-548.9300000000001,4
48,1,1,1,0,1,0,0,0,0,1,1,0,1,0,0,1,0,0,1,0.0,-548.9299999999998,1
49,1,1,1,0,1,1,1,0,0,0,1,0,1,0,0,1,0,0,1,0.0,-548.56,1
50,0,0,0,1,0,0,1,0,1,1,0,1,0,1,1,1,1,1,0,0.0,-548.2700000000001,3
51,0,1,0,1,0,0,0,1,1,0,0,1,0,1,1,0,1,1,0,0.0,-548.0699999999998,1
52,0,0,0,1,0,1,1,1,1,0,0,1,0,1,0,0,1,1,0,0.0,-547.82,9
53,1,1,1,0,1,0,0,0,0,1,1,0,1,0,1,1,0,0,1,0.0,-547.8199999999998,1
54,1,0,0,1,0,1,0,1,1,1,0,1,0,0,0,1,0,1,0,0.0,-547.5400000000001,10
55,0,0,0,1,0,0,1,1,1,1,0,1,1,0,1,0,1,1,0,0.0,-547.2800000000001,1
56,1,0,1,1,1,1,0,0,0,1,1,0,1,0,0,1,0,0,1,0.0,-547.2199999999998,1
57,0,0,0,1,0,0,1,1,1,1,0,1,0,1,1,0,0,1,0,0.0,-547.1500000000002,3
58,1,1,1,0,1,1,0,0,0,0,1,0,1,0,0,1,1,0,1,0.0,-547.1499999999999,1
59,0,1,0,1,0,0,1,1,1,0,0,1,0,1,1,0,1,1,0,0.05263157894736842,-558.8499999999997,1
60,1,1,1,0,1,1,1,0,0,0,1,0,0,0,1,1,0,0,1,0.0,-547.0500000000001,3
61,0,0,0,1,0,0,0,1,1,1,0,1,1,1,0,0,1,1,0,0.0,-547.05,7
62,0,0,0,1,0,1,1,1,1,1,0,1,0,1,0,1,1,1,0,0.0,-546.7500000000001,14
63,1,1,1,0,1,0,0,0,0,0,1,0,1,0,1,0,0,0,1,0.0,-546.7499999999999,1
64,0,0,0,1,0,0,1,1,1,1,0,1,0,1,0,0,1,1,0,0.05263157894736842,-568.3900000000001,1
65,0,0,0,1,0,0,1,1,1,0,0,1,0,1,1,1,1,1,0,0.0,-546.4300000000001,1
66,1,1,1,0,1,0,1,0,0,0,1,0,1,0,1,1,1,0,1,0.05263157894736842,-537.3399999999997,2
67,0,1,1,0,1,0,1,0,0,0,1,0,1,0,1,1,1,0,1,0.05263157894736842,-554.8799999999999,1
68,0,0,0,1,0,1,0,1,1,1,0,1,0,1,0,0,0,1,0,0.05263157894736842,-537.34,6
69,1,0,0,1,0,1,0,1,1,1,0,1,0,1,0,0,0,1,0,0.05263157894736842,-554.8799999999999,6
70,1,1,1,0,1,0,1,0,0,0,1,0,1,0,1,1,1,0,1,0.05263157894736842,-537.3399999999997,2
71,1,0,0,1,0,1,0,1,1,1,0,1,0,1,0,0,0,1,0,0.05263157894736842,-554.8799999999999,4
72,0,0,0,0,0,0,1,1,1,1,0,1,0,0,1,1,1,1,0,0.0,-546.2099999999999,8
73,1,0,1,1,0,1,0,1,0,1,1,0,1,0,0,0,0,1,1,0.0,-546.2,11
74,0,1,0,0,1,0,1,0,1,0,0,1,0,1,1,1,1,0,0,0.0,-546.1999999999997,11
75,1,0,1,0,1,1,0,1,0,1,1,0,1,0,0,0,0,0,1,0.0,-546.0599999999997,2
76,0,1,0,1,0,0,1,0,1,0,0,1,0,1,1,1,1,1,0,0.0,-546.0599999999998,6
77,1,1,1,0,1,0,1,0,0,0,1,0,1,1,1,1,0,0,1,0.0,-545.8299999999999,1
78,0,1,1,1,1,0,0,0,0,0,1,0,1,1,1,0,0,0,1,0.0,-545.8000000000001,2
79,1,0,0,0,0,1,1,1,1,1,0,1,0,0,0,1,1,1,0,0.0,-545.7999999999998,18
80,1,0,0,1,0,1,0,1,1,1,0,1,0,1,0,1,0,1,0,0.0,-545.6,4
81,0,1,1,0,1,0,1,0,0,0,1,0,1,0,1,0,1,0,1,0.0,-545.5999999999998,2
82,0,1,0,0,0,0,1,1,1,1,0,1,0,1,1,1,1,0,0,0.0,-545.4799999999997,5
83,1,0,1,1,1,1,0,0,0,0,1,0,1,0,0,0,0,1,1,0.0,-545.4800000000001,2
84,1,1,1,0,1,0,1,0,0,0,1,0,1,0,1,0,0,0,1,0.0,-545.2899999999998,2
85,0,0,0,1,0,1,0,1,1,1,0,1,0,1,0,1,1,1,0,0.0,-545.2900000000001,1
86,0,0,0,1,0,1,1,1,1,1,0,1,0,0,0,1,1,1,0,0.0,-545.21,2
87,1,0,1,0,1,1,0,1,0,0,1,0,1,0,0,0,0,0,1,0.0,-545.09,1
88,0,1,0,1,0,0,1,0,1,1,0,1,0,1,1,1,1,1,0,0.0,-545.0899999999999,6
89,0,0,1,1,0,1,1,1,1,1,0,1,0,1,0,0,0,1,0,0.0,-544.85,5
90,0,0,0,1,0,0,0,1,1,1,0,0,0,1,0,1,1,1,1,0.0,-544.7400000000002,11
91,1,0,1,1,0,1,0,1,1,1,0,1,1,0,0,0,0,1,0,0.0,-544.7299999999997,2
92,1,0,0,1,0,1,0,1,1,1,0,1,0,0,0,0,0,1,0,0.0,-544.4799999999999,2
93,1,0,1,1,1,1,0,1,0,1,1,0,1,0,0,0,0,1,1,0.0,-544.4399999999999,53
94,0,1,0,0,0,0,1,0,1,0,0,1,0,1,1,1,1,0,0,0.0,-544.4399999999997,203
95,0,0,0,1,0,0,0,1,1,1,0,1,1,1,1,0,1,1,0,0.0,-544.16,4
96,0,0,0,1,0,1,0,1,1,1,0,1,0,0,0,1,1,1,0,0.0,-544.1499999999999,2
97,1,1,1,0,1,1,0,0,0,0,1,0,1,0,0,0,1,0,1,0.0,-544.1299999999999,1
98,0,0,0,1,0,0,1,1,1,1,0,1,0,1,1,1,0,1,0,0.0,-544.1300000000003,1
99,0,0,0,0,0,0,1,1,1,1,0,1,0,1,0,1,1,1,0,0.0,-543.8599999999998,2
100,0,1,0,0,1,0,1,0,0,0,1,0,1,1,1,1,1,0,1,0.0,-543.8499999999999,4
101,0,0,0,1,0,0,0,1,1,1,0,0,0,1,0,1,1,1,0,0.0,-543.77,2
102,1,1,1,0,1,1,1,0,0,0,1,1,1,0,1,0,0,0,1,0.0,-543.7699999999999,2
103,0,1,1,0,1,0,0,0,0,0,1,0,1,1,1,0,0,0,1,0.0,-543.6899999999999,1
104,1,0,0,1,0,1,1,1,1,1,0,1,0,0,0,1,1,1,0,0.0,-543.6899999999998,5
105,0,0,0,1,0,1,1,1,1,0,0,1,0,1,1,0,1,1,0,0.05263157894736842,-548.9300000000001,1
106,1,0,0,0,0,1,1,1,1,1,0,1,0,0,0,1,1,0,0,0.0,-543.4299999999997,10
107,0,0,0,0,0,0,1,0,1,1,0,1,0,1,1,1,1,1,0,0.0,-542.96,3
108,0,0,0,1,0,1,1,1,1,1,0,1,0,1,1,0,1,1,0,0.0,-542.7800000000001,1
109,1,0,1,0,1,1,0,1,0,1,1,0,1,0,0,0,0,0,1,0.05263157894736842,-546.0599999999997,4
110,0,1,0,1,0,0,1,0,1,0,0,1,0,1,1,1,1,1,0,0.05263157894736842,-546.0599999999998,9
111,1,0,0,1,0,1,1,1,1,1,0,1,0,0,0,0,1,1,0,0.0,-542.4300000000001,1
112,1,0,0,0,0,0,1,1,1,1,0,1,0,1,1,1,0,1,0,0.0,-542.28,2
113,0,0,0,1,0,0,1,1,1,1,0,0,0,1,1,1,1,1,0,0.0,-542.0000000000002,1
114,1,1,1,0,1,1,0,0,0,0,1,1,1,0,0,0,0,0,1,0.0,-541.9999999999999,1
115,0,0,1,1,0,1,1,1,1,0,0,1,0,1,1,0,0,1,0,0.0,-541.9900000000001,1
116,1,1,0,0,1,0,0,0,0,1,1,0,1,0,0,1,1,0,1,0.0,-541.9899999999998,1
117,0,0,0,1,0,0,1,1,1,0,0,1,0,1,1,0,0,1,0,0.0,-541.9800000000001,3
118,0,0,0,0,0,1,1,1,1,1,0,1,0,0,1,1,1,1,0,0.0,-541.93,3
119,0,0,0,1,0,1,0,1,1,1,0,1,0,1,0,0,1,1,0,0.05263157894736842,-559.3100000000001,1
120,1,0,1,0,1,1,0,1,0,0,1,0,1,0,0,0,0,0,1,0.05263157894736842,-545.09,5
121,0,1,0,1,0,0,1,0,1,1,0,1,0,1,1,1,1,1,0,0.05263157894736842,-545.0899999999999,3
122,0,0,1,1,0,0,1,1,1,1,0,1,1,1,1,0,0,1,0,0.0,-541.6200000000001,1
123,1,1,0,0,1,1,0,0,0,0,1,0,0,0,0,1,1,0,1,0.0,-541.62,2
124,0,1,1,1,1,0,0,0,0,0,1,0,1,1,0,0,0,0,1,0.0,-541.4100000000002,1
125,1,0,0,0,0,1,1,1,1,1,0,1,0,0,1,1,1,1,0,0.0,-541.4099999999997,9
126,1,0,0,1,0,1,1,1,1,1,0,1,0,1,0,0,0,1,0,0.0,-541.12,3
127,0,0,0,1,0,0,1,1,1,0,0,1,1,1,1,0,0,1,0,0.0,-541.0400000000001,4
128,0,0,1,1,0,0,1,1,1,0,0,1,1,1,1,0,0,1,0,0.0,-540.9700000000001,1
129,1,0,0,0,0,0,1,1,1,1,0,1,0,0,1,1,1,1,0,0.0,-540.7699999999998,4
130,1,0,1,1,1,1,0,0,1,0,1,0,1,0,0,0,0,0,1,0.0,-540.57,1
131,0,1,0,0,0,0,1,1,0,1,0,1,0,1,1,1,1,1,0,0.0,-540.5699999999999,2
132,0,0,0,1,0,1,0,1,1,1,0,0,0,1,0,1,1,1,0,0.0,-540.5100000000001,1
133,0,0,0,1,0,0,0,1,1,0,0,1,0,1,1,0,1,1,0,0.0,-540.31,1
134,1,0,1,0,1,1,0,1,0,1,1,0,1,0,0,1,0,0,1,0.05263157894736842,-552.8599999999997,2
135,0,0,0,1,0,1,1,1,1,1,0,1,0,1,0,0,0,1,0,0.0,-539.96,2
136,0,0,0,1,0,1,0,1,1,0,0,1,0,1,0,0,1,1,0,0.0,-539.82,1
137,0,0,0,0,0,0,1,1,1,1,0,1,0,1,1,1,1,0,0,0.0,-539.82,1
138,1,0,0,1,0,0,0,1,1,1,0,1,0,1,0,1,0,1,0,0.0,-539.7800000000001,1
139,0,0,0,1,0,1,0,1,1,1,0,1,0,1,0,0,1,1,0,0.05263157894736842,-559.3100000000001,1
140,1,1,1,0,1,0,1,0,0,0,1,0,1,0,1,1,0,0,1,0.05263157894736842,-559.3099999999998,1
141,1,0,0,0,0,1,1,1,1,1,0,1,0,0,1,1,0,1,0,0.0,-538.6599999999997,6
142,0,0,0,1,0,0,0,1,1,1,0,0,0,1,1,1,1,1,1,0.0,-538.1700000000003,2
143,1,0,1,1,0,1,0,1,1,1,1,0,1,0,0,0,0,1,0,0.0,-538.0699999999997,1
144,1,0,0,1,0,1,0,1,1,1,0,1,1,0,0,0,0,1,0,0.0,-537.8199999999997,1
145,1,0,0,1,0,1,0,0,1,1,1,0,0,0,0,1,1,1,1,0.0,-537.4100000000001,2
146,0,0,0,0,0,0,1,1,1,1,0,1,1,0,1,1,1,1,0,0.0,-537.1899999999998,2
147,1,0,0,1,0,1,0,1,1,1,0,1,0,1,0,1,0,1,0,0.05263157894736842,-545.6,3
148,0,0,0,1,0,1,0,1,1,1,0,1,0,1,0,1,0,1,0,0.05263157894736842,-521.54,2
149,1,1,1,0,1,0,1,0,0,0,1,0,1,0,1,0,1,0,1,0.05263157894736842,-521.5399999999998,1
150,0,1,1,0,1,0,1,0,0,0,1,0,1,0,1,0,1,0,1,0.05263157894736842,-545.5999999999998,1
151,1,0,1,0,1,1,0,0,0,1,1,0,1,0,0,1,0,1,1,0.0,-536.4999999999999,1
152,0,1,0,1,0,0,1,1,1,0,0,1,0,1,1,0,1,0,0,0.0,-536.4999999999998,1
153,1,0,1,1,1,1,0,1,0,1,1,0,1,0,0,0,0,1,0,0.0,-536.3299999999998,3
154,0,1,0,0,0,0,1,0,1,0,0,1,0,1,1,1,1,0,1,0.0,-536.3299999999997,20
155,1,0,1,0,1,1,0,1,0,0,1,0,1,0,0,1,0,0,1,0.0,-535.91,1
156,0,1,0,1,0,0,1,0,1,1,0,1,0,1,1,0,1,1,0,0.0,-535.9099999999999,1
157,0,1,0,0,0,0,0,0,1,1,0,1,0,1,1,1,1,1,0,0.0,-535.7599999999999,1
158,1,0,0,1,1,1,0,1,1,1,0,1,0,0,0,0,0,1,0,0.0,-535.6999999999999,1
159,0,0,0,1,0,1,1,1,1,1,0,1,0,1,1,0,0,1,0,0.0,-535.2700000000001,1
160,1,0,0,1,0,0,0,1,1,1,0,1,0,1,0,0,0,1,0,0.0,-535.2599999999999,2
161,0,1,1,0,1,1,1,0,0,0,1,0,1,0,1,1,1,0,1,0.0,-535.26,1
162,0,0,1,1,0,1,0,1,1,1,0,1,0,0,0,0,1,1,0,0.0,-535.2399999999999,1
163,0,1,0,0,0,0,1,0,1,1,0,1,0,1,1,1,1,1,0,0.05263157894736842,-564.0599999999998,1
164,1,0,1,1,1,1,0,1,0,0,1,0,1,0,0,0,0,1,0,0.0,-534.9000000000001,1
165,0,1,0,0,0,0,1,0,1,1,0,1,0,1,1,1,1,0,1,0.0,-534.8999999999997,4
166,0,1,0,0,0,0,1,1,1,0,0,1,0,1,1,1,1,0,0,0.0,-534.8899999999996,1
167,1,0,1,0,1,0,0,1,0,1,1,0,1,0,0,1,0,0,1,0.0,-534.8199999999998,4
168,0,1,0,1,0,1,1,0,1,0,0,1,0,1,1,0,1,1,0,0.0,-534.8199999999998,7
169,0,1,0,0,0,0,1,0,0,1,0,1,0,1,1,1,1,1,0,0.0,-534.6999999999999,1
170,1,0,1,1,1,1,0,1,1,0,1,0,1,0,0,0,0,0,1,0.0,-534.6999999999999,2
171,0,0,0,1,0,0,0,1,1,1,0,1,1,1,1,0,0,1,0,0.0,-534.4900000000001,2
172,1,1,1,0,1,0,0,1,0,0,1,0,1,0,1,0,0,0,1,0.0,-534.2599999999998,1
173,0,0,0,1,0,1,1,0,1,1,0,1,0,1,0,1,1,1,0,0.0,-534.26,3
174,0,0,0,0,0,0,1,1,1,0,0,1,0,1,1,1,1,1,0,0.0,-534.16,1
175,1,1,1,0,1,1,1,0,0,0,1,0,1,0,1,0,0,0,1,0.05263157894736842,-558.6700000000001,1
176,1,0,1,1,1,1,0,1,0,1,0,0,1,0,0,0,0,1,1,0.0,-534.02,2
177,0,1,0,0,0,0,1,0,1,0,1,1,0,1,1,1,1,0,0,0.0,-534.0199999999996,3
178,1,0,1,1,1,1,0,1,0,1,1,0,1,0,0,0,0,1,1,0.05263157894736842,-544.4399999999999,10
179,0,1,0,0,0,1,1,0,1,0,0,1,0,1,1,1,1,0,0,0.05263157894736842,-529.7999999999997,38
180,1,0,0,0,0,1,0,1,1,1,0,1,0,0,1,1,1,1,0,0.0,-533.7299999999997,4
181,1,1,1,1,1,1,0,0,0,0,1,0,1,0,0,0,0,0,1,0.05263157894736842,-567.8299999999999,1
182,1,0,0,1,0,1,0,1,1,1,0,0,0,1,0,1,0,1,0,0.0,-533.6800000000001,1
183,0,0,0,1,0,0,1,1,1,1,0,1,0,1,1,0,1,1,0,0.05263157894736842,-568.9400000000002,1
184,0,0,0,1,0,0,1,1,1,1,0,1,0,1,0,1,1,0,0,0.0,-533.5799999999999,1
185,0,0,0,1,0,0,1,1,1,1,0,1,0,1,0,0,1,1,0,0.05263157894736842,-568.3900000000001,1
186,1,0,0,1,0,0,1,1,1,1,0,1,0,1,0,1,1,1,0,0.0,-533.0899999999999,1
187,0,0,0,1,0,0,1,1,0,1,0,1,1,1,0,0,1,1,0,0.0,-532.8299999999999,1
188,0,1,0,0,1,0,1,0,1,0,0,1,0,1,1,1,1,0,1,0.0,-532.8299999999997,1
189,0,0,0,1,0,1,1,1,1,1,0,1,0,1,0,0,1,0,0,0.0,-532.7399999999999,1
190,0,0,0,1,0,1,1,1,1,1,0,1,1,1,0,0,1,1,0,0.0,-532.7299999999999,2
191,0,0,0,1,0,0,1,1,1,0,0,0,1,1,1,0,1,1,0,0.0,-532.6300000000001,3
192,1,0,0,1,0,1,1,1,1,1,0,1,0,1,0,0,0,1,0,0.05263157894736842,-541.12,2
193,0,0,0,1,0,1,1,1,1,1,0,1,0,1,0,0,0,1,0,0.05263157894736842,-539.96,2
194,1,0,0,1,0,1,1,1,1,1,0,1,0,1,0,0,0,1,0,0.05263157894736842,-541.12,1
195,1,1,1,0,1,0,0,0,0,0,1,0,1,0,1,1,1,0,1,0.05263157894736842,-539.9599999999998,1
196,0,1,0,0,0,0,1,1,0,1,0,1,0,1,1,1,1,0,0,0.0,-532.5799999999998,1
197,1,0,1,1,1,1,0,0,1,0,1,0,1,0,0,0,0,1,1,0.0,-532.5800000000002,1
198,0,1,1,0,0,0,1,0,0,0,1,0,1,1,1,0,1,0,1,0.0,-532.56,2
199,0,0,1,1,0,1,1,1,1,1,0,1,1,0,1,0,0,1,0,0.0,-532.46,1
200,1,0,0,0,0,1,1,1,1,1,0,1,0,0,1,1,1,0,0,0.0,-532.4399999999996,2
201,0,0,0,1,0,0,1,1,1,1,0,1,0,1,1,1,1,1,0,0.05263157894736842,-567.7000000000002,1
202,0,0,0,1,0,0,0,1,1,1,0,1,0,1,0,1,1,1,1,0.0,-532.3600000000001,2
203,1,0,0,1,0,0,0,1,1,1,0,0,0,1,0,1,1,1,1,0.0,-532.3,1
204,0,1,0,0,0,0,1,0,1,1,0,1,0,1,1,1,1,1,0,0.05263157894736842,-564.0599999999998,1
205,0,1,1,1,1,0,0,1,0,0,1,0,1,1,0,0,0,0,1,0.0,-532.2400000000001,3
206,1,0,0,0,0,1,1,0,1,1,0,1,0,0,1,1,1,1,0,0.0,-532.2399999999999,8
207,1,0,0,0,1,1,1,1,1,1,0,1,0,0,0,1,1,0,0,0.0,-532.1699999999996,2
208,0,1,1,1,0,0,0,0,0,0,1,0,1,1,1,0,0,1,1,0.0,-532.1700000000001,1
209,0,1,0,0,0,0,1,0,1,0,1,0,0,1,1,1,1,0,1,0.0,-532.1699999999998,3
210,0,1,1,1,1,1,1,0,0,0,1,0,1,0,0,0,1,0,1,0.0,-532.1600000000001,1
211,0,0,0,1,0,1,1,0,1,1,0,1,0,1,1,1,1,1,0,0.05263157894736842,-523.6100000000001,1
212,0,1,1,1,1,0,1,0,0,0,1,0,1,1,1,0,1,0,1,0.0,-531.79,1
213,1,0,0,0,0,1,0,1,1,1,0,1,0,0,0,1,0,1,0,0.0,-531.7899999999998,1
214,1,0,0,1,0,1,1,1,1,1,0,1,0,0,0,1,1,0,0,0.0,-531.7199999999998,2
215,1,1,1,0,1,1,1,0,0,0,1,0,1,0,1,0,0,0,1,0.05263157894736842,-558.6700000000001,1
216,0,1,0,0,1,0,1,0,1,1,0,1,0,1,1,1,1,0,0,0.0,-531.3499999999997,1
217,1,0,1,1,0,1,0,1,0,0,1,0,1,0,0,0,0,1,1,0.0,-531.3500000000001,2
218,1,0,0,1,0,0,0,1,1,1,0,1,0,1,0,1,0,1,0,0.05263157894736842,-539.7800000000001,2
219,1,0,0,1,0,0,0,1,1,1,0,1,0,1,0,1,0,1,0,0.05263157894736842,-539.7800000000001,2
220,1,1,1,0,1,1,1,0,0,0,1,0,1,0,1,0,1,0,1,0.05263157894736842,-520.64,1
221,1,0,0,0,0,1,0,0,1,1,1,0,0,0,0,1,1,1,1,0.0,-531.26,1
222,1,0,1,1,1,1,0,1,0,0,1,0,1,1,0,0,0,0,1,0.0,-531.0200000000001,1
223,0,0,1,1,0,1,1,1,1,0,0,1,1,1,1,0,0,1,0,0.0,-530.8700000000002,1
224,1,0,0,1,0,1,1,1,1,1,0,1,0,0,0,0,0,1,0,0.0,-530.3199999999999,1
225,0,0,1,1,0,0,1,1,1,1,0,1,1,1,0,0,1,1,0,0.0,-530.2400000000001,1
226,0,0,0,1,0,1,0,1,1,0,0,1,0,1,1,0,1,1,0,0.0,-530.0500000000001,1
227,1,0,0,0,1,1,1,0,1,1,0,1,0,0,0,1,1,0,0,0.0,-529.9599999999997,1
228,1,0,1,1,1,0,0,1,0,1,1,0,1,0,0,0,0,1,1,0.0,-529.8,3
229,0,1,0,0,0,1,1,0,1,0,0,1,0,1,1,1,1,0,0,0.0,-529.7999999999997,40
230,0,0,0,1,0,1,0,1,1,1,0,1,1,1,0,0,1,1,0,0.0,-529.7499999999999,1
231,1,0,0,1,1,1,0,1,1,1,0,1,1,0,0,0,0,1,0,0.0,-529.7399999999998,3
232,0,0,0,1,0,0,1,1,1,1,0,0,1,1,1,0,1,1,0,0.0,-529.7200000000001,2
233,0,0,0,1,0,0,0,1,1,0,0,0,1,1,1,0,1,1,1,0.0,-529.6800000000002,12
234,1,1,1,0,1,1,1,0,0,1,1,1,0,0,0,1,0,0,0,0.0,-529.6799999999996,1
235,1,0,1,1,0,1,0,1,1,1,0,0,1,0,0,0,0,1,0,0.0,-529.6699999999997,1
236,0,1,1,0,1,1,1,0,0,0,1,1,1,0,1,0,1,0,0,0.0,-529.5699999999998,1
237,1,0,0,1,0,0,0,1,1,1,0,0,0,1,0,1,0,1,1,0.0,-529.57,5
238,1,0,1,1,1,1,0,1,0,1,1,0,1,0,0,0,0,0,1,0.05263157894736842,-552.6299999999998,1
239,0,1,0,0,0,1,1,0,1,1,0,1,0,1,1,1,1,1,0,0.05263157894736842,-525.2199999999999,1
240,0,1,0,1,0,1,1,0,1,0,0,1,0,1,1,0,1,1,0,0.05263157894736842,-534.8199999999998,1
241,0,1,0,0,0,0,1,0,1,0,0,0,0,1,1,1,1,1,0,0.0,-529.1299999999999,1
242,1,0,0,0,1,1,1,1,1,1,0,1,0,0,0,1,0,0,0,0.0,-528.9399999999996,1
243,0,0,0,1,0,0,0,1,1,1,0,1,1,1,0,1,1,1,0,0.0,-528.8499999999998,1
244,1,0,0,0,0,0,0,1,1,1,0,1,0,0,1,1,1,1,0,0.0,-528.6299999999998,1
245,0,1,0,0,0,0,1,0,1,1,0,1,0,1,1,1,1,0,0,0.05263157894736842,-549.7899999999997,1
246,0,0,0,1,0,0,0,1,1,1,0,1,1,1,1,1,1,1,0,0.0,-528.52,1
247,1,0,1,1,1,1,0,1,0,1,1,0,1,0,0,0,0,1,1,0.05263157894736842,-544.4399999999999,1
248,0,0,0,1,0,0,0,1,1,1,0,0,1,1,1,1,1,1,0,0.0,-528.4800000000001,1
249,0,0,0,1,1,1,0,1,1,0,0,1,0,1,0,0,0,1,0,0.05263157894736842,-519.35,1
250,1,0,0,1,1,1,0,1,1,0,0,1,0,1,0,0,0,1,0,0.05263157894736842,-513.8900000000001,1
251,1,1,1,0,0,0,1,0,0,1,1,0,1,0,1,1,1,0,1,0.05263157894736842,-519.3499999999998,1
252,0,1,1,0,0,0,1,0,0,1,1,0,1,0,1,1,1,0,1,0.05263157894736842,-513.8899999999999,2
253,1,1,1,0,0,0,1,0,0,1,1,0,1,0,1,1,1,0,1,0.05263157894736842,-519.3499999999998,1
254,1,0,1,0,1,1,0,1,0,1,1,0,1,0,0,0,0,1,1,0.0,-528.2699999999999,1
255,0,1,0,1,0,0,1,0,1,0,0,1,0,1,1,1,1,0,0,0.0,-528.2699999999999,4
256,1,0,0,0,0,1,1,0,1,1,0,1,0,0,0,1,1,1,0,0.0,-528.2699999999999,4
257,0,1,1,0,1,0,0,0,0,0,1,0,1,0,1,0,1,0,1,0.0,-528.26,1
258,1,0,0,1,0,1,1,1,1,1,0,1,0,1,0,1,0,1,0,0.0,-528.2599999999999,1
259,1,0,1,1,0,1,0,1,1,0,1,0,1,0,0,0,0,1,1,0.0,-528.2300000000001,1
260,0,1,0,0,1,1,1,0,1,0,0,1,0,1,1,1,1,0,0,0.05263157894736842,-524.0999999999998,1
261,1,0,1,1,1,1,0,1,0,0,1,1,1,0,0,0,0,0,1,0.0,-528.18,1
262,0,0,1,1,0,0,0,1,1,0,0,0,1,1,1,0,0,1,1,0.0,-527.9400000000002,2
263,1,1,0,0,1,1,1,0,0,1,1,1,0,0,0,1,1,0,0,0.0,-527.9399999999995,1
264,1,0,0,1,0,1,0,1,1,1,0,1,1,1,0,0,0,1,0,0.0,-527.8399999999997,1
265,1,0,1,1,1,1,0,1,0,0,1,0,1,0,0,0,0,1,1,0.05263157894736842,-549.7900000000001,10
266,0,1,0,0,0,1,1,0,1,1,0,1,0,1,1,1,1,0,0,0.05263157894736842,-523.7099999999997,32
267,0,0,0,1,0,0,0,1,1,0,0,0,0,1,1,0,1,1,1,0.0,-527.6200000000001,1
268,1,0,0,1,1,1,0,1,1,1,0,1,0,1,0,0,0,1,0,0.05263157894736842,-525.12,2
269,1,0,0,1,1,1,0,1,1,1,0,1,0,1,0,0,0,1,0,0.05263157894736842,-525.12,1
270,1,1,1,0,0,0,1,0,0,0,1,0,1,0,1,1,1,0,1,0.05263157894736842,-518.5199999999999,2
271,1,1,1,0,0,0,1,0,0,0,1,0,1,0,1,1,1,0,1,0.05263157894736842,-518.5199999999999,3
272,0,1,1,0,0,0,1,0,0,0,1,0,1,0,1,1,1,0,1,0.05263157894736842,-525.1199999999999,1
273,1,0,1,0,1,0,0,1,0,1,1,0,1,0,0,1,0,0,1,0.05263157894736842,-534.8199999999998,1
274,1,0,0,0,0,0,0,1,1,1,0,1,0,1,0,1,1,1,0,0.0,-527.4799999999999,1
275,0,0,0,1,0,0,1,1,1,1,0,1,0,1,0,0,1,1,0,0.05263157894736842,-568.3900000000001,1
276,0,0,1,1,0,1,1,1,1,1,0,1,0,0,0,0,0,1,0,0.0,-527.31,1
277,0,0,0,1,0,0,1,1,1,1,0,1,0,1,0,0,1,1,0,0.05263157894736842,-568.3900000000001,1
278,1,0,1,1,1,1,1,1,0,1,1,1,1,0,0,0,0,0,0,0.0,-527.2399999999997,1
279,0,1,0,0,0,0,0,0,1,0,0,0,0,1,1,1,1,1,1,0.0,-527.2399999999999,1
280,0,1,0,0,0,0,1,0,1,1,0,1,0,1,1,1,1,1,0,0.05263157894736842,-564.0599999999998,1
281,0,0,1,1,1,1,0,1,0,0,1,0,1,0,0,0,0,1,1,0.0,-527.1500000000001,5
282,1,0,0,1,0,1,0,1,1,0,0,1,0,1,0,0,0,1,0,0.05263157894736842,-523.4499999999999,1
283,0,1,0,0,1,0,1,0,1,0,1,0,0,1,1,1,1,0,1,0.0,-526.9699999999998,1
284,0,0,0,0,0,0,0,1,1,1,0,0,0,1,1,1,1,1,1,0.0,-526.9200000000002,1
285,0,1,0,0,0,0,1,0,1,0,0,1,0,1,1,1,1,0,0,0.05263157894736842,-544.4399999999997,1
286,1,0,1,1,1,1,0,1,0,0,1,0,1,0,1,0,0,0,1,0.0,-526.8299999999999,1
287,1,1,1,0,1,1,1,0,0,0,1,0,1,0,1,1,1,0,1,0.05263157894736842,-522.6399999999999,1
288,1,0,1,1,1,1,0,1,0,0,1,0,1,0,0,0,0,1,1,0.05263157894736842,-549.7900000000001,1
289,1,0,0,1,0,1,0,1,1,1,0,1,1,1,0,0,0,1,0,0.05263157894736842,-527.8399999999997,1
290,1,0,0,1,0,1,0,1,1,1,0,1,1,1,0,0,0,1,0,0.05263157894736842,-527.8399999999997,3
291,0,0,0,1,0,1,0,1,1,1,0,1,1,1,0,0,0,1,0,0.05263157894736842,-517.4799999999999,1
292,1,0,0,0,0,1,1,1,1,1,0,1,0,1,0,1,1,0,0,0.0,-526.2899999999996,1
293,1,0,0,0,0,1,1,1,1,1,0,1,0,0,0,1,0,1,0,0.0,-526.17,1
294,0,0,0,1,1,0,1,1,1,0,0,1,1,1,1,0,0,1,0,0.0,-526.1,3
295,1,1,1,0,0,1,0,0,0,1,1,0,0,0,0,1,1,0,1,0.0,-526.1,2
296,1,0,0,1,0,0,0,1,1,1,0,1,1,1,0,0,0,1,0,0.0,-525.9399999999998,1
297,1,0,0,0,0,1,0,1,1,1,0,1,0,0,0,1,1,0,1,0.0,-525.8399999999998,1
298,0,0,0,1,0,0,0,1,1,1,0,0,1,1,0,1,1,1,0,0.0,-525.6899999999998,1
299,0,0,0,1,0,0,0,1,1,1,0,0,1,1,0,1,1,1,1,0.0,-525.56,2
300,0,1,0,0,0,1,1,0,1,0,0,1,0,1,1,1,1,1,0,0.0,-525.2299999999999,2
301,0,1,0,0,0,1,1,0,1,1,0,1,0,1,1,1,1,1,0,0.0,-525.2199999999999,2
302,1,1,1,0,1,1,1,0,0,0,1,1,0,0,1,1,0,0,1,0.0,-525.0899999999998,1
303,0,0,0,1,0,0,0,1,1,1,0,0,1,1,0,0,1,1,0,0.0,-525.09,1
304,1,0,1,0,1,1,0,1,0,1,1,0,1,0,0,0,0,1,1,0.05263157894736842,-528.2699999999999,3
305,0,1,0,1,0,0,1,0,1,0,0,1,0,1,1,1,1,0,0,0.05263157894736842,-528.2699999999999,4
306,1,0,0,0,0,0,0,1,1,1,0,1,0,1,1,1,1,1,0,0.0,-524.7899999999997,1
307,1,0,0,1,0,0,0,1,1,1,0,1,1,1,0,0,0,1,0,0.05263157894736842,-525.9399999999998,1
308,0,0,0,1,0,0,0,1,1,1,0,1,1,1,0,0,0,1,0,0.05263157894736842,-520.4999999999999,1
309,0,1,1,0,1,1,1,0,0,0,1,0,0,0,1,1,1,0,1,0.05263157894736842,-525.9399999999998,1
310,1,0,0,1,0,0,0,1,1,1,0,1,1,1,0,0,0,1,0,0.05263157894736842,-525.9399999999998,1
311,0,0,1,1,1,0,0,1,0,0,0,0,1,1,1,0,0,1,1,0.0,-524.3800000000001,7
312,1,1,0,0,0,1,1,0,1,1,1,1,0,0,0,1,1,0,0,0.0,-524.3799999999994,11
313,0,0,1,1,0,0,1,1,1,0,0,1,1,1,1,0,1,1,0,0.0,-524.3200000000002,1
314,0,1,0,0,0,1,1,0,1,0,0,1,0,1,1,1,1,0,0,0.05263157894736842,-529.7999999999997,10
315,0,1,0,0,1,1,1,0,1,0,0,1,0,1,1,1,1,0,0,0.0,-524.0999999999998,1
316,1,0,0,0,0,0,0,1,1,1,0,0,0,1,1,1,0,1,1,0.0,-523.8900000000001,1
317,1,0,0,0,0,0,1,1,1,1,0,1,0,0,1,1,0,1,0,0.0,-523.7399999999998,3
318,1,0,1,1,1,0,0,1,0,0,1,0,1,0,0,0,0,1,1,0.0,-523.71,1
319,0,1,0,0,0,1,1,0,1,1,0,1,0,1,1,1,1,0,0,0.0,-523.7099999999997,15
320,0,0,0,1,0,0,0,1,1,0,0,0,1,1,1,1,1,1,1,0.05263157894736842,-517.1800000000002,4
321,0,1,1,1,0,0,1,0,0,0,1,0,1,1,1,0,1,0,1,0.0,-523.4900000000001,1
322,1,0,0,0,1,1,0,1,1,1,0,1,0,0,0,1,0,1,0,0.0,-523.4899999999998,1
323,1,0,1,1,1,0,0,1,0,0,1,0,1,1,0,0,0,0,1,0.0,-523.4200000000001,1
324,0,1,0,0,0,0,1,0,1,0,0,1,0,1,1,1,1,0,0,0.05263157894736842,-544.4399999999997,1
325,1,0,0,0,0,1,1,0,1,1,1,1,0,0,0,1,1,0,0,0.0,-523.2199999999997,5
326,1,0,0,1,1,0,0,1,0,1,1,0,1,0,0,0,0,1,1,0.05263157894736842,-513.49,61
327,0,1,1,0,0,1,1,0,1,0,0,1,0,1,1,1,1,0,0,0.05263157894736842,-513.4899999999999,40
328,0,1,0,1,0,0,1,1,1,0,0,1,0,1,1,0,1,0,0,0.05263157894736842,-536.4999999999998,1
329,0,1,1,1,1,1,0,0,0,0,1,0,1,1,1,0,0,0,1,0.0,-523.0400000000001,1
330,0,0,0,1,0,0,0,1,1,1,0,0,1,1,1,0,1,1,1,0.0,-522.9500000000003,1
331,0,0,1,1,0,1,1,1,0,1,0,1,1,0,0,0,1,1,0,0.0,-522.9000000000001,1
332,1,0,0,1,0,0,0,1,1,1,0,1,1,1,1,0,0,1,0,0.05263157894736842,-524.15,2
333,1,0,0,1,0,1,1,1,1,1,0,1,0,1,0,0,1,1,0,0.05263157894736842,-531.2499999999999,1
334,0,0,0,1,0,0,0,1,1,1,0,1,0,1,0,0,0,1,0,0.0,-522.64,2
335,0,1,0,0,0,0,1,0,1,0,0,1,0,1,1,1,1,0,0,0.05263157894736842,-544.4399999999997,1
336,1,0,0,1,0,1,0,1,1,1,1,0,0,0,0,1,0,1,1,0.0,-522.1500000000001,1
337,0,1,0,1,0,1,1,0,1,0,0,1,0,1,1,0,1,1,0,0.10526315789473684,-534.8199999999998,1
338,1,0,1,0,1,1,0,1,0,1,1,0,1,0,0,1,0,1,1,0.0,-521.7099999999998,1
339,0,1,0,1,0,0,1,0,1,0,0,1,0,1,1,0,1,0,0,0.0,-521.7099999999998,4
340,0,0,0,1,0,1,1,1,1,1,0,1,1,1,0,0,1,1,0,0.05263157894736842,-532.7299999999999,1
341,0,0,0,1,1,0,0,1,1,1,0,1,0,1,0,0,1,1,0,0.0,-521.47,1
342,0,1,1,1,0,1,1,0,1,0,0,1,0,1,1,0,0,1,0,0.0,-521.38,1
343,0,1,0,0,0,0,0,0,1,0,0,1,0,1,1,1,1,1,0,0.0,-521.3699999999998,1
344,0,0,1,1,1,0,0,1,0,0,1,0,1,1,0,0,0,1,1,0.0,-521.2500000000001,39
345,1,1,0,0,0,1,1,0,1,1,0,1,0,0,1,1,1,0,0,0.0,-521.2499999999995,54
346,1,0,1,1,1,1,0,1,0,1,1,0,1,0,0,0,0,1,1,0.05263157894736842,-544.4399999999999,1
347,1,0,1,0,1,1,0,1,0,0,1,0,1,0,0,0,0,1,1,0.0,-521.22,2
348,1,1,0,0,1,0,0,0,0,1,1,0,1,0,1,1,1,0,1,0.05263157894736842,-537.1399999999999,1
349,0,0,0,1,0,0,0,1,1,0,0,0,1,1,1,0,0,1,1,0.0,-521.1700000000002,6
350,1,0,1,1,1,1,0,1,1,1,0,1,1,0,0,0,0,1,0,0.0,-521.1699999999998,1
351,0,1,0,0,0,1,1,0,1,0,0,1,0,1,1,1,1,0,0,0.05263157894736842,-529.7999999999997,1
352,0,0,0,1,0,0,0,1,1,0,0,1,0,1,1,0,0,1,0,0.0,-521.0600000000001,1
353,0,1,0,0,0,0,1,0,1,0,1,1,0,1,1,1,1,1,0,0.05263157894736842,-529.5099999999996,1
354,0,1,0,0,0,0,1,0,1,1,0,1,0,1,1,1,1,0,0,0.05263157894736842,-549.7899999999997,1
355,0,1,0,0,0,0,1,0,0,1,0,1,0,1,1,1,1,0,1,0.0,-520.5799999999998,2
356,0,0,1,1,0,1,1,1,1,0,0,1,0,1,0,0,1,0,0,0.0,-520.58,1
357,0,0,0,1,0,0,1,1,1,1,0,1,0,1,1,0,1,1,0,0.05263157894736842,-568.9400000000002,1
358,0,0,0,1,0,0,0,1,1,1,0,1,1,1,0,0,0,1,0,0.0,-520.4999999999999,1
359,1,0,0,0,1,1,1,0,1,1,0,1,0,0,0,1,1,0,1,0.0,-520.4499999999996,1
360,0,0,0,0,0,0,1,1,1,1,0,1,0,1,1,1,1,0,1,0.0,-520.3100000000001,1
361,1,0,0,1,1,1,0,1,0,1,1,0,1,0,0,0,0,1,1,0.0,-520.0699999999999,2
362,1,1,0,0,1,0,1,0,0,1,1,1,1,0,1,1,1,0,0,0.0,-520.0299999999996,1
363,0,1,0,1,1,1,1,0,1,0,0,1,0,1,0,0,1,0,0,0.0,-519.7999999999998,1
364,1,0,0,1,0,1,1,1,1,1,0,1,0,1,0,1,0,1,0,0.05263157894736842,-528.2599999999999,1
365,0,0,0,1,0,0,1,0,1,0,0,1,0,1,1,0,1,1,0,0.0,-519.6800000000001,1
366,1,0,0,0,1,0,0,1,0,1,1,0,1,0,1,1,0,1,1,0.0,-519.5699999999999,7
367,0,1,1,1,0,1,1,0,1,0,0,1,0,1,0,0,1,0,0,0.0,-519.5699999999999,3
368,0,0,1,1,0,1,1,1,1,1,0,1,0,0,0,0,1,1,0,0.05263157894736842,-545.0600000000001,1
369,0,0,0,1,0,0,0,1,1,1,0,1,1,1,1,1,1,1,0,0.05263157894736842,-528.52,1
370,1,0,0,1,1,0,0,1,0,1,1,0,1,0,0,1,0,1,1,0.10526315789473684,-517.9300000000001,29
371,0,1,1,0,0,1,1,0,1,0,0,1,0,1,1,0,1,0,0,0.10526315789473684,-517.9299999999998,23
372,0,0,0,1,0,0,0,1,1,0,0,0,1,1,1,1,1,1,0,0.05263157894736842,-512.45,1
373,1,1,0,0,0,0,1,0,1,1,0,1,0,0,1,1,1,1,0,0.0,-519.1599999999996,1
374,1,1,1,0,1,0,0,1,0,1,1,0,1,0,0,0,0,0,1,0.0,-519.0199999999998,1
375,0,0,1,1,1,0,0,1,0,0,1,0,1,1,1,0,0,1,1,0.0,-518.9800000000001,17
376,1,1,0,0,0,1,1,0,1,1,0,1,0,0,0,1,1,0,0,0.0,-518.9799999999996,9
377,1,0,0,1,0,1,0,1,1,1,0,0,0,1,0,1,0,1,1,0.05263157894736842,-529.87,1
378,0,1,0,0,0,0,1,1,1,1,0,1,0,0,1,1,1,0,0,0.0,-518.4799999999997,1
379,0,0,1,1,1,0,0,1,0,0,0,0,1,1,0,0,0,1,1,0.0,-518.4700000000001,4
380,1,1,0,0,0,1,1,0,1,1,1,1,0,0,1,1,1,0,0,0.0,-518.4699999999995,8
381,0,0,0,1,0,0,0,1,1,1,0,0,0,1,0,1,0,1,1,0.05263157894736842,-507.75000000000017,2
382,0,0,1,1,1,1,0,1,0,0,0,0,1,1,0,0,0,1,1,0.0,-518.1900000000002,1
383,1,1,0,0,0,0,1,0,1,1,1,1,0,0,1,1,1,0,0,0.0,-518.1899999999995,6
384,1,0,1,1,1,0,0,1,0,0,1,0,1,0,0,0,0,1,1,0.05263157894736842,-523.71,1
385,0,1,0,0,0,1,1,0,1,1,0,1,0,1,1,1,1,0,0,0.05263157894736842,-523.7099999999997,7
386,1,0,0,0,0,0,0,1,1,1,0,1,0,1,0,1,0,1,0,0.0,-517.9700000000001,1
387,0,1,0,0,0,1,1,0,1,0,0,1,0,1,1,1,1,0,0,0.10526315789473684,-529.7999999999997,2
388,1,0,1,0,1,1,0,1,0,0,1,0,1,0,0,0,0,1,1,0.05263157894736842,-521.22,2
389,1,0,0,1,1,0,0,1,0,1,1,0,1,0,0,1,0,1,1,0.0,-517.9300000000001,6
390,0,1,0,1,1,0,0,0,0,0,1,0,1,1,1,0,1,1,1,0.0,-517.9300000000001,1
391,0,1,1,0,0,1,1,0,1,0,0,1,0,1,1,0,1,0,0,0.0,-517.9299999999998,2
392,1,0,1,1,1,1,0,1,1,0,1,0,1,0,0,0,0,1,1,0.0,-517.9100000000001,1
393,0,0,0,1,1,1,1,1,1,0,0,1,0,1,0,0,0,1,0,0.0,-517.77,1
394,0,1,0,1,0,1,1,0,1,0,0,1,0,1,1,1,1,0,0,0.05263157894736842,-509.18999999999977,1
395,0,0,1,1,0,0,0,1,0,0,0,0,1,1,1,0,0,1,1,0.0,-517.5200000000001,1
396,0,0,0,1,0,0,0,1,1,0,0,0,1,1,1,1,1,1,1,0.0,-517.1800000000002,1
397,1,0,0,0,0,1,1,0,1,1,0,1,0,0,0,1,1,0,0,0.0,-517.0999999999998,1
398,0,1,0,0,1,0,1,0,0,0,1,1,1,1,1,1,1,0,1,0.0,-517.0499999999996,1
399,0,0,1,1,1,0,1,1,0,1,0,1,1,1,0,0,0,1,0,0.0,-516.9499999999999,1
400,1,1,0,0,0,1,0,0,1,0,1,0,0,0,1,1,1,0,1,0.0,-516.9499999999999,1
401,1,1,1,0,1,0,0,0,0,0,1,0,1,0,1,1,0,0,1,0.05263157894736842,-564.3499999999998,1
402,0,0,0,1,1,1,0,1,1,0,0,0,0,1,0,0,0,1,0,0.05263157894736842,-507.6100000000001,1
403,1,0,0,1,1,1,0,1,1,0,0,0,0,1,0,0,0,1,0,0.05263157894736842,-502.1700000000001,1
404,1,1,1,0,0,0,1,0,0,1,1,1,1,0,1,1,1,0,1,0.05263157894736842,-507.6099999999998,1
405,0,1,1,0,0,0,1,0,0,1,1,1,1,0,1,1,1,0,1,0.05263157894736842,-502.16999999999973,1
406,1,0,1,1,1,1,0,1,0,1,1,0,1,0,0,0,0,1,1,0.05263157894736842,-544.4399999999999,1
407,0,1,1,1,0,1,1,0,1,0,0,1,0,1,1,0,1,1,0,0.05263157894736842,-519.2699999999999,1
408,1,0,0,0,0,1,1,0,1,1,1,1,0,0,0,1,1,0,1,0.0,-516.5699999999997,1
409,0,0,0,1,0,1,0,1,1,1,0,1,1,1,0,0,1,1,0,0.05263157894736842,-529.7499999999999,1
410,1,1,0,0,0,1,1,0,1,1,0,1,0,0,1,1,1,1,0,0.0,-516.4799999999997,1
411,0,0,1,1,1,0,0,1,0,0,1,0,1,1,0,0,0,0,1,0.0,-516.48,1
412,1,0,0,1,0,1,1,0,1,1,1,1,0,0,0,1,1,1,0,0.0,-516.4599999999999,1
413,0,1,0,1,0,1,1,0,1,0,0,1,0,1,1,0,1,0,0,0.0,-516.4299999999998,5
414,1,0,1,0,1,0,0,1,0,1,1,0,1,0,0,1,0,1,1,0.0,-516.43,1
415,0,0,0,1,1,0,1,1,1,0,0,1,0,1,0,0,1,1,0,0.0,-516.0400000000001,1
416,0,0,1,1,1,0,1,1,0,0,0,0,1,1,1,0,0,1,1,0.0,-516.02,2
417,1,1,0,0,0,1,0,0,1,1,1,1,0,0,0,1,1,0,0,0.0,-516.0199999999998,2
418,0,0,1,1,0,0,1,1,0,0,1,0,1,1,1,0,0,1,1,0.0,-515.9000000000001,1
419,0,0,0,1,1,0,1,1,0,1,0,1,1,1,1,0,0,1,0,0.0,-515.87,1
420,1,0,0,1,0,0,0,1,0,1,1,0,1,0,0,1,1,1,1,0.0,-515.7200000000001,2
421,0,0,0,1,0,0,1,1,1,1,0,1,0,1,0,1,1,1,0,0.05263157894736842,-564.5900000000001,1
422,0,0,0,1,0,0,0,1,0,1,0,0,1,1,0,1,1,1,1,0.0,-515.46,1
423,1,0,0,1,1,0,0,1,1,1,0,1,0,1,0,0,0,1,0,0.05263157894736842,-512.9599999999999,1
424,1,0,0,1,1,0,0,1,1,1,0,1,0,1,0,0,0,1,0,0.05263157894736842,-512.9599999999999,1
425,1,1,1,0,0,1,1,0,0,0,1,0,1,0,1,1,1,0,1,0.05263157894736842,-511.2799999999999,1
426,1,0,1,1,0,1,0,1,0,0,1,0,1,0,0,0,0,0,1,0.0,-515.36,1
427,1,0,0,1,1,0,0,1,0,1,1,0,1,0,0,1,0,1,1,0.05263157894736842,-517.9300000000001,10
428,0,1,1,0,0,1,1,0,1,0,0,1,0,1,1,0,1,0,0,0.05263157894736842,-517.9299999999998,2
429,0,1,0,0,0,1,1,0,1,1,0,1,0,1,0,1,1,0,0,0.0,-515.1999999999996,2
430,1,0,1,1,1,1,1,1,0,1,0,1,1,0,0,0,0,0,1,0.0,-514.9499999999997,1
431,0,0,0,1,1,0,0,1,0,0,0,0,1,1,1,0,0,1,1,0.0,-514.85,6
432,1,1,1,0,0,1,1,0,1,1,1,1,0,0,0,1,1,0,0,0.0,-514.8499999999995,2
433,0,1,0,1,0,1,1,0,1,0,0,1,0,1,1,0,1,1,0,0.10526315789473684,-534.8199999999998,1
434,0,0,0,1,1,0,0,1,1,0,0,0,1,1,1,0,0,1,1,0.0,-514.7500000000001,47
435,1,1,1,0,0,1,1,0,0,1,1,1,0,0,0,1,1,0,0,0.0,-514.7499999999999,5
436,0,1,0,0,0,0,1,0,0,1,0,1,0,1,1,1,1,0,0,0.05263157894736842,-517.9099999999997,2
437,0,1,0,1,1,0,0,1,0,0,0,0,1,1,1,0,0,1,1,0.0,-514.61,1
438,1,0,1,0,0,1,1,0,1,1,1,1,0,0,0,1,1,0,0,0.0,-514.6099999999999,1
439,0,0,1,1,1,0,0,1,0,1,0,0,1,1,0,0,0,1,1,0.0,-514.6000000000001,3
440,1,1,0,0,0,1,1,0,1,0,1,1,0,0,1,1,1,0,0,0.0,-514.5999999999997,4
441,0,0,0,1,0,0,0,1,1,1,0,1,1,1,1,0,1,1,1,0.0,-514.51,1
442,1,0,0,1,1,0,0,1,0,1,0,0,1,1,0,1,0,1,1,0.0,-514.49,10
443,0,1,1,0,0,1,1,0,1,0,1,1,0,0,1,0,1,0,0,0.0,-514.4899999999998,9
444,0,1,0,0,0,1,1,0,1,0,0,1,0,1,1,1,1,0,0,0.05263157894736842,-529.7999999999997,1
445,0,1,1,1,1,0,0,1,0,0,1,0,1,1,0,0,0,1,1,0.0,-514.4700000000001,1
446,0,1,0,1,0,1,1,0,1,0,0,1,0,1,1,1,1,0,0,0.10526315789473684,-509.18999999999977,2
447,0,0,0,1,1,0,0,1,1,0,0,1,1,1,1,0,0,1,0,0.0,-514.4000000000001,2
448,1,1,1,0,0,1,1,0,0,1,1,0,0,0,0,1,1,0,1,0.0,-514.4,1
449,0,0,0,1,0,0,0,1,1,1,0,0,1,1,1,0,0,1,1,0.0,-514.3200000000003,1
450,0,1,0,0,0,0,1,0,0,1,0,1,0,1,1,1,1,0,1,0.05263157894736842,-520.5799999999998,1
451,0,1,1,1,0,1,1,0,1,0,0,1,0,1,1,0,1,0,0,0.0,-514.1999999999998,5
452,1,0,0,0,1,0,0,1,0,1,1,0,1,0,0,1,0,1,1,0.0,-514.2,13
453,1,0,0,1,1,0,0,1,1,1,0,1,1,1,0,0,0,1,0,0.05263157894736842,-504.33999999999986,6
454,1,0,0,1,1,0,0,1,1,1,0,1,1,1,0,0,0,1,0,0.05263157894736842,-504.33999999999986,1
455,1,1,1,0,0,1,1,0,0,0,1,0,0,0,1,1,1,0,1,0.05263157894736842,-509.84,10
456,0,1,1,0,0,1,1,0,0,0,1,0,0,0,1,1,1,0,1,0.05263157894736842,-504.3399999999999,1
457,0,0,0,1,1,0,0,1,1,1,0,1,1,1,0,0,0,1,0,0.05263157894736842,-509.84,4
458,1,1,1,0,0,1,1,0,0,0,1,0,0,0,1,1,1,0,1,0.05263157894736842,-509.84,2
459,0,1,0,0,0,1,1,0,1,1,0,1,0,0,1,1,1,0,0,0.0,-513.9099999999997,2
460,0,0,0,1,1,0,0,1,1,1,0,1,0,1,0,1,0,1,0,0.05263157894736842,-503.0800000000001,1
461,1,1,1,0,0,1,1,0,0,0,1,0,1,0,1,0,1,0,1,0.05263157894736842,-503.08000000000004,1
462,0,0,0,1,0,0,0,1,1,0,0,0,1,1,1,0,1,1,1,0.05263157894736842,-529.6800000000002,1
463,0,0,0,1,0,0,0,1,1,1,0,0,0,1,0,0,1,1,0,0.05263157894736842,-525.19,1
464,0,1,0,0,0,1,1,0,1,0,0,1,0,1,1,0,1,0,0,0.0,-513.3999999999997,1
465,1,0,0,1,1,0,0,1,0,1,1,0,1,0,0,1,0,0,1,0.0,-513.4000000000001,1
466,1,1,1,0,1,1,1,0,0,1,1,1,0,0,0,0,1,0,0,0.05263157894736842,-506.88999999999976,1
467,0,0,0,1,0,0,0,1,1,0,0,0,1,1,1,1,0,1,1,0.05263157894736842,-506.8900000000001,1
468,0,0,1,1,1,0,0,1,0,0,1,0,1,0,1,0,0,1,1,0.0,-513.26,2
469,0,0,0,1,0,0,0,1,1,0,0,0,0,1,1,1,0,1,1,0.0,-513.1100000000001,1
470,1,0,1,0,1,0,1,1,0,1,1,0,1,0,1,1,0,0,1,0.0,-513.0699999999997,1
471,0,0,1,1,1,0,1,1,0,0,0,0,1,1,1,0,0,1,0,0.0,-512.97,1
472,1,1,0,0,0,1,0,0,1,1,1,1,0,0,0,1,1,0,1,0.0,-512.9699999999997,1
473,1,0,0,0,0,1,1,0,1,1,0,1,0,0,0,1,1,0,1,0.0,-512.8499999999998,1
474,1,0,0,1,1,0,0,1,0,1,1,0,1,0,0,0,0,1,1,0.10526315789473684,-513.49,3
475,0,1,1,0,0,1,1,0,1,0,0,1,0,1,1,1,1,0,0,0.10526315789473684,-513.4899999999999,2
476,0,1,0,0,0,0,1,0,0,0,1,1,0,1,1,1,1,0,1,0.0,-512.7299999999997,1
477,1,0,0,0,0,1,1,0,1,1,1,1,0,0,1,1,1,0,0,0.0,-512.4099999999997,2
478,1,0,0,1,1,0,0,1,0,1,1,0,1,0,0,1,0,1,1,0.05263157894736842,-517.9300000000001,1
479,0,1,1,0,0,1,1,0,1,0,0,1,0,1,1,0,1,0,0,0.05263157894736842,-517.9299999999998,2
480,0,1,1,0,1,1,1,0,1,0,1,1,0,0,1,0,1,0,0,0.0,-512.1699999999997,1
481,1,0,0,1,1,0,0,1,0,1,0,0,1,1,0,0,0,1,1,0.0,-512.1500000000001,4
482,0,1,1,0,0,1,1,0,1,0,1,1,0,0,1,1,1,0,0,0.0,-512.1499999999997,3
483,0,0,0,1,0,0,1,1,1,0,1,0,1,1,1,0,1,1,0,0.0,-511.97000000000014,1
484,0,1,1,1,0,1,1,0,1,0,1,1,0,1,0,0,1,0,0,0.0,-511.8899999999999,1
485,0,1,0,1,0,0,1,0,1,0,0,1,0,1,1,1,1,0,1,0.05263157894736842,-515.1599999999997,1
486,0,1,0,0,0,1,1,0,1,1,0,1,0,1,1,1,1,0,0,0.10526315789473684,-523.7099999999997,1
487,0,0,0,1,0,0,0,1,0,1,0,0,1,1,0,0,1,1,1,0.0,-511.6600000000001,1
488,1,1,0,0,0,0,0,0,0,0,1,0,1,0,1,1,1,0,1,0.05263157894736842,-503.39,1
489,1,0,0,0,1,0,0,1,0,1,1,0,1,0,0,1,0,1,1,0.05263157894736842,-514.2,8
490,0,1,1,1,0,1,1,0,1,0,0,1,0,1,1,0,1,0,0,0.05263157894736842,-514.1999999999998,8
491,0,1,1,0,0,1,1,0,1,0,0,1,0,0,1,1,1,0,0,0.05263157894736842,-503.6299999999998,1
492,1,0,0,0,1,1,0,1,0,1,1,0,1,0,0,1,0,1,1,0.0,-511.41999999999996,3
493,1,0,0,1,1,1,0,1,1,0,0,0,0,1,0,0,0,1,1,0.05263157894736842,-499.56000000000006,1
494,1,1,1,0,0,0,1,0,0,1,1,1,1,0,1,1,1,0,0,0.05263157894736842,-502.3399999999999,1
495,0,1,0,1,0,0,0,1,0,0,1,0,1,1,1,0,1,1,1,0.0,-511.21999999999997,1
496,0,0,1,1,1,1,0,1,0,0,1,0,1,1,0,0,0,1,1,0.0,-511.17000000000024,1
497,0,1,0,1,0,1,1,0,1,0,0,1,0,1,1,0,1,0,0,0.05263157894736842,-516.4299999999998,1
498,0,1,1,1,1,1,1,0,1,0,0,1,0,1,1,0,0,0,0,0.0,-511.0499999999998,1
499,1,0,0,1,1,0,0,1,0,1,1,0,1,1,0,0,0,1,1,0.05263157894736842,-503.6300000000001,1
500,0,1,1,0,0,1,1,0,1,0,0,1,0,0,1,1,1,0,0,0.05263157894736842,-503.6299999999998,1
501,0,1,0,1,0,1,1,0,1,0,0,1,0,1,1,0,1,0,0,0.05263157894736842,-516.4299999999998,1
502,1,0,0,1,1,1,0,1,0,1,1,0,1,0,0,1,0,1,1,0.0,-510.7099999999998,1
503,0,0,1,1,1,0,0,1,0,0,1,0,1,1,0,0,0,1,1,0.05263157894736842,-521.2500000000001,3
504,1,0,0,1,1,0,0,1,0,1,0,0,1,0,0,1,0,1,1,0.0,-510.63000000000005,3
505,1,0,0,1,0,1,0,1,1,1,0,1,1,0,0,0,0,1,1,0.0,-510.62999999999994,1
506,0,0,0,1,1,0,1,1,1,1,0,1,1,1,0,0,1,1,0,0.0,-510.61000000000007,1
507,1,1,1,0,1,1,1,0,0,1,1,0,0,0,0,1,1,0,1,0.05263157894736842,-522.18,1
508,1,1,0,0,0,0,1,0,0,1,1,1,0,0,1,1,1,0,1,0.0,-510.37999999999977,4
509,0,0,0,1,1,0,0,1,1,1,0,1,1,1,0,0,1,1,0,0.0,-510.3300000000001,1
510,1,1,1,0,0,1,1,0,0,0,1,0,0,0,1,1,0,0,1,0.0,-510.33,1
511,0,0,1,1,1,0,0,1,0,0,1,0,1,1,0,0,0,1,1,0.05263157894736842,-521.2500000000001,2
512,1,1,0,0,0,1,1,0,1,1,0,1,0,0,1,1,1,0,0,0.05263157894736842,-521.2499999999995,1
513,1,0,0,1,0,0,0,1,1,1,1,0,1,0,0,1,1,1,1,0.0,-510.0,1
514,0,0,0,1,0,0,0,1,1,0,1,0,1,1,1,0,1,1,1,0.0,-509.96000000000026,4
515,0,0,0,1,1,0,0,1,1,1,0,1,1,1,0,0,0,1,0,0.0,-509.84,1
516,0,0,0,1,0,0,0,1,1,0,1,0,0,1,1,0,1,1,1,0.0,-509.82000000000016,1
517,1,1,0,0,0,1,1,0,1,1,0,1,0,0,1,1,1,0,0,0.05263157894736842,-521.2499999999995,3
518,0,1,1,1,1,1,1,0,0,0,1,1,0,0,0,0,1,0,0,0.0,-509.71,1
519,1,0,0,1,1,0,0,1,0,1,1,0,1,0,0,1,0,1,1,0.05263157894736842,-517.9300000000001,1
520,1,0,0,1,0,1,0,1,1,1,0,1,1,0,0,0,0,1,0,0.05263157894736842,-537.8199999999997,1
521,1,0,0,1,1,1,0,1,0,1,1,0,1,0,0,0,0,1,1,0.05263157894736842,-520.0699999999999,1
522,1,0,0,1,0,0,0,1,1,0,0,0,1,1,1,0,0,1,1,0.05263157894736842,-501.45000000000016,1
523,1,0,0,1,0,1,0,0,1,1,0,1,0,0,0,1,1,0,1,0.0,-509.4199999999999,1
524,0,1,1,0,0,1,1,1,1,0,0,1,0,1,1,0,1,0,0,0.0,-509.3199999999998,1
525,0,1,0,1,0,1,1,0,1,0,0,1,0,1,1,1,1,0,0,0.0,-509.18999999999977,1
526,0,1,0,0,0,1,1,0,1,0,0,1,0,0,1,1,1,0,0,0.05263157894736842,-501.61999999999983,1
527,0,1,0,0,0,1,1,0,1,0,0,1,0,1,1,1,1,0,0,0.05263157894736842,-529.7999999999997,1
528,1,0,1,0,0,1,1,0,1,1,1,1,0,0,0,1,0,0,0,0.05263157894736842,-503.79999999999984,1
529,0,0,0,1,0,0,0,1,1,0,1,0,1,1,1,0,0,1,1,0.0,-508.6700000000003,1
530,1,0,1,1,1,1,0,1,0,0,0,0,1,1,0,0,0,1,1,0.05263157894736842,-503.91,1
531,1,0,0,0,0,1,0,0,1,1,0,1,0,0,0,1,1,0,1,0.0,-508.57,1
532,0,1,1,1,0,1,1,0,1,0,0,1,0,1,1,0,1,0,0,0.05263157894736842,-514.1999999999998,2
533,1,0,0,1,1,0,0,1,0,1,1,0,1,0,0,1,0,1,1,0.05263157894736842,-517.9300000000001,1
534,0,1,1,0,0,1,1,0,1,0,0,1,0,1,1,0,1,0,0,0.05263157894736842,-517.9299999999998,1
535,1,1,0,0,0,1,1,0,1,1,1,1,0,0,0,1,1,0,0,0.05263157894736842,-524.3799999999994,1
536,0,1,0,0,0,1,1,0,1,1,0,1,0,1,1,1,1,0,0,0.05263157894736842,-523.7099999999997,2
537,1,0,0,1,1,1,0,1,1,1,0,1,1,1,0,0,0,1,0,0.05263157894736842,-498.77999999999986,1
538,1,0,0,1,1,1,0,1,1,1,0,1,1,1,0,0,0,1,0,0.05263157894736842,-498.77999999999986,1
539,1,0,0,1,1,0,0,1,0,0,1,0,1,0,0,0,0,1,1,0.05263157894736842,-498.7,6
540,0,0,0,1,1,0,0,1,1,0,0,0,1,1,1,0,0,1,1,0.05263157894736842,-514.7500000000001,2
541,0,1,1,0,0,1,1,0,1,1,0,1,0,1,1,1,1,0,0,0.05263157894736842,-498.7,2
542,1,1,0,0,0,1,1,0,1,1,1,1,0,0,0,1,1,0,0,0.05263157894736842,-524.3799999999994,1
543,1,0,0,0,0,1,1,0,1,1,0,1,0,0,1,1,1,0,1,0.0,-508.2999999999998,1
544,1,0,0,1,1,0,0,1,0,1,0,0,1,1,0,1,0,1,1,0.05263157894736842,-514.49,2
545,0,1,1,0,0,1,1,0,1,0,1,1,0,0,1,0,1,0,0,0.05263157894736842,-514.4899999999998,3
546,1,1,0,0,0,1,1,0,1,1,0,1,0,0,0,1,1,0,0,0.05263157894736842,-518.9799999999996,2
547,0,0,0,1,1,0,1,1,1,1,0,1,1,1,0,0,0,1,0,0.0,-507.7,3
548,0,0,0,1,1,1,0,1,1,0,0,0,0,1,0,0,0,1,0,0.0,-507.6100000000001,1
549,1,0,0,1,1,0,0,1,1,1,0,1,1,1,0,0,0,1,0,0.10526315789473684,-504.33999999999986,1
550,0,0,0,1,1,0,0,1,1,1,0,1,1,1,0,0,0,1,0,0.10526315789473684,-509.84,1
551,0,1,1,0,0,1,1,0,0,0,1,0,0,0,1,1,1,0,1,0.10526315789473684,-504.3399999999999,1
552,0,0,0,1,0,0,0,1,1,0,0,0,1,1,1,1,1,1,1,0.10526315789473684,-517.1800000000002,2
553,1,0,0,0,0,1,1,1,1,1,0,1,1,0,1,1,1,1,0,0.0,-507.48999999999984,1
554,0,0,0,1,0,0,1,1,1,0,0,0,1,1,1,1,1,1,1,0.05263157894736842,-500.98000000000013,1
555,1,1,1,0,0,1,1,0,1,0,1,0,0,0,1,1,1,0,1,0.05263157894736842,-503.2999999999997,1
556,0,0,0,1,1,0,0,1,1,0,0,0,1,1,1,0,0,1,0,0.0,-507.4,2
557,1,0,0,0,1,0,0,1,0,1,1,0,1,0,1,1,0,1,1,0.05263157894736842,-519.5699999999999,1
558,1,1,0,0,0,1,0,0,1,1,0,1,0,0,0,1,1,0,0,0.0,-507.2799999999998,3
559,0,0,0,1,1,0,0,1,0,0,0,0,1,1,1,0,1,1,1,0.05263157894736842,-502.2800000000001,4
560,1,1,1,0,0,1,1,0,1,1,1,1,0,0,0,1,0,0,0,0.05263157894736842,-502.27999999999975,1
561,0,0,0,1,0,0,1,1,0,1,0,1,1,1,1,0,1,1,1,0.0,-507.25000000000006,1
562,1,0,0,1,1,0,0,1,0,0,1,0,1,1,0,0,0,1,1,0.0,-507.2200000000002,6
563,0,1,1,0,0,1,1,0,1,1,0,1,0,0,1,1,1,0,0,0.0,-507.21999999999974,4
564,0,1,1,0,0,1,1,0,1,0,0,1,0,1,1,1,1,0,0,0.10526315789473684,-513.4899999999999,1
565,0,0,0,1,0,1,1,0,1,1,0,1,0,1,0,1,1,0,0,0.0,-507.21,1
566,0,0,0,1,1,0,0,1,1,0,0,0,1,1,1,0,1,1,1,0.05263157894736842,-497.20000000000016,19
567,1,1,1,0,0,1,1,0,0,1,1,1,0,0,0,1,0,0,0,0.05263157894736842,-497.1999999999998,2
568,1,0,0,1,1,0,0,1,0,1,0,0,1,1,0,1,0,1,1,0.05263157894736842,-514.49,1
569,0,0,0,1,1,0,0,1,0,1,0,0,1,1,0,1,0,1,1,0.05263157894736842,-496.4500000000002,1
570,1,0,0,1,1,0,0,1,0,1,0,0,1,1,0,1,0,1,1,0.05263157894736842,-514.49,2
571,1,1,1,0,0,1,1,0,1,0,1,1,0,0,1,0,1,0,0,0.05263157894736842,-496.44999999999976,3
572,0,1,1,0,0,1,1,0,1,0,1,1,0,0,1,0,1,0,0,0.05263157894736842,-514.4899999999998,3
573,1,1,1,0,0,1,1,0,1,0,1,1,0,0,1,0,1,0,0,0.05263157894736842,-496.44999999999976,1
574,0,0,0,1,1,0,1,1,1,1,0,1,0,1,1,0,1,1,0,0.0,-507.04000000000013,1
575,0,0,0,1,1,0,0,1,0,0,0,0,1,1,1,1,0,1,1,0.05263157894736842,-497.25,3
576,1,1,1,0,0,1,1,0,1,1,1,1,0,0,0,0,1,0,0,0.05263157894736842,-497.24999999999955,1
577,0,0,0,1,1,0,0,1,1,1,0,1,1,0,0,0,1,1,0,0.0,-506.96999999999997,1
578,0,0,0,1,1,0,0,1,1,0,0,0,1,1,1,1,0,1,1,0.05263157894736842,-494.2700000000001,13
579,1,1,1,0,0,1,1,0,0,1,1,1,0,0,0,0,1,0,0,0.05263157894736842,-494.26999999999987,2
580,1,0,0,0,1,0,0,1,0,1,1,0,1,0,0,1,0,1,1,0.05263157894736842,-514.2,1
581,0,0,0,1,1,0,0,1,0,0,1,0,1,1,1,0,0,1,1,0.0,-506.77000000000015,7
582,1,1,1,0,0,1,1,0,1,1,0,1,0,0,0,1,1,0,0,0.0,-506.7699999999996,1
583,1,1,1,0,0,0,1,0,0,0,1,1,1,0,1,0,1,0,1,0.05263157894736842,-491.1999999999999,1
584,0,0,1,1,1,0,0,1,0,0,1,0,1,1,0,0,0,1,1,0.05263157894736842,-521.2500000000001,2
585,1,1,0,0,0,1,1,0,1,1,0,1,0,0,1,1,1,0,0,0.05263157894736842,-521.2499999999995,2
586,0,1,0,0,0,1,1,0,1,1,0,1,0,0,1,1,1,0,0,0.05263157894736842,-513.9099999999997,4
587,1,1,0,0,0,1,1,0,1,1,0,1,0,0,1,1,1,0,0,0.05263157894736842,-521.2499999999995,2
588,0,1,1,1,0,1,1,0,1,0,0,1,0,1,1,0,0,0,0,0.0,-506.6499999999999,1
589,1,1,0,0,0,1,0,0,1,1,0,1,0,0,0,1,1,0,1,0.0,-506.6299999999997,1
590,0,0,0,1,1,0,0,1,1,1,0,1,1,1,1,0,0,1,0,0.0,-506.51000000000016,1
591,1,1,0,0,0,1,1,0,0,1,1,1,0,0,0,1,1,0,0,0.0,-506.03999999999996,1
592,0,0,1,1,1,0,0,1,0,0,1,0,1,0,0,0,0,1,1,0.0,-505.98999999999995,1
593,1,0,1,0,0,1,1,0,1,1,0,1,0,0,0,1,1,0,0,0.0,-505.81,2
594,0,1,1,0,0,1,1,0,1,0,0,1,0,1,1,0,1,0,0,0.10526315789473684,-517.9299999999998,1
595,1,0,0,0,0,1,1,0,1,1,0,1,0,0,0,1,1,0,0,0.05263157894736842,-517.0999999999998,1
596,1,0,0,1,1,0,0,1,0,1,1,0,1,0,0,0,0,1,1,0.10526315789473684,-513.49,1
597,1,1,0,0,1,1,1,0,1,1,0,1,0,0,1,1,1,0,0,0.0,-505.3899999999996,1
598,0,0,1,1,0,0,0,1,0,0,1,0,1,1,0,0,0,1,1,0.0,-505.39000000000016,1
599,0,0,1,1,1,0,0,1,0,0,1,0,1,1,0,0,0,1,1,0.05263157894736842,-521.2500000000001,1
600,1,1,0,0,0,1,1,0,1,1,0,1,0,0,1,1,1,0,0,0.05263157894736842,-521.2499999999995,1
601,1,0,0,1,1,1,0,1,1,1,0,0,1,0,0,1,0,1,0,0.0,-505.07999999999987,1
602,0,0,0,1,1,0,0,1,0,1,0,0,1,1,0,0,1,1,1,0.0,-505.0600000000001,3
603,0,0,0,1,1,1,0,1,1,0,0,0,1,1,0,0,0,1,0,0.05263157894736842,-496.01,2
604,1,1,1,0,0,0,1,0,0,1,1,1,0,0,1,1,1,0,1,0.05263157894736842,-496.00999999999976,1
605,1,1,1,0,0,0,1,0,0,1,1,1,0,0,1,1,1,0,1,0.05263157894736842,-496.00999999999976,1
606,0,1,1,0,0,1,1,0,1,0,1,1,0,0,1,0,1,0,0,0.05263157894736842,-514.4899999999998,1
607,0,0,0,1,1,0,0,1,0,1,0,0,1,1,0,0,0,1,1,0.05263157894736842,-500.63000000000005,2
608,1,0,0,1,1,0,0,1,0,1,0,0,1,1,0,0,0,1,1,0.05263157894736842,-512.1500000000001,1
609,1,1,1,0,0,1,1,0,1,0,1,1,0,0,1,1,1,0,0,0.05263157894736842,-500.62999999999965,2
610,0,1,1,0,0,1,1,0,1,0,1,1,0,0,1,1,1,0,0,0.05263157894736842,-512.1499999999997,2
611,1,0,0,1,1,0,0,1,0,1,1,0,1,0,0,1,1,1,1,0.0,-504.64,6
612,1,0,0,0,1,0,1,1,0,1,0,1,1,0,1,1,0,1,0,0.0,-504.64,1
613,1,0,0,1,1,0,0,1,0,0,1,0,1,0,0,1,0,1,1,0.10526315789473684,-487.1600000000001,2
614,0,1,1,0,0,1,1,0,1,1,0,1,0,1,1,0,1,0,0,0.10526315789473684,-487.15999999999997,2
615,0,0,0,1,0,1,1,1,1,1,0,1,1,1,0,0,1,1,0,0.05263157894736842,-532.7299999999999,1
616,0,0,0,1,0,0,0,1,1,0,1,0,0,1,0,0,1,1,1,0.0,-504.45000000000005,1
617,0,0,1,1,1,1,0,1,1,0,0,0,0,1,0,0,0,1,0,0.10526315789473684,-514.4400000000002,1
618,1,0,1,1,1,1,1,1,0,0,1,0,1,0,0,0,0,0,1,0.05263157894736842,-535.7599999999998,1
619,0,1,1,0,1,1,1,0,0,0,0,1,0,1,1,1,1,0,0,0.05263157894736842,-494.4499999999999,1
620,0,0,1,1,1,0,0,1,0,0,0,0,1,1,0,0,0,1,1,0.05263157894736842,-518.4700000000001,1
621,1,1,0,0,0,1,1,0,1,1,1,1,0,0,1,1,1,0,0,0.05263157894736842,-518.4699999999995,1
622,0,0,0,1,1,0,1,1,1,1,0,1,1,1,1,0,0,1,0,0.05263157894736842,-515.25,1
623,1,0,0,0,1,0,0,1,0,1,1,0,1,0,0,0,0,1,1,0.10526315789473684,-486.12000000000006,1
624,0,1,1,1,0,1,1,0,1,0,0,1,0,1,1,1,1,0,0,0.10526315789473684,-486.1199999999998,2
625,1,1,0,0,0,1,1,0,1,1,0,1,0,0,0,1,1,0,0,0.05263157894736842,-518.9799999999996,1
626,1,1,1,0,1,0,1,0,0,1,1,1,1,0,1,1,0,0,1,0.05263157894736842,-528.6199999999998,1
627,1,1,1,0,0,1,1,0,0,0,1,0,0,0,1,1,0,0,1,0.05263157894736842,-510.33,1
628,0,1,0,1,0,1,1,0,1,0,0,1,0,1,1,0,1,0,0,0.10526315789473684,-516.4299999999998,1
629,0,1,1,0,0,1,1,0,1,1,0,1,0,1,0,1,1,0,0,0.05263157894736842,-503.32999999999964,2
630,0,1,0,0,0,1,1,0,1,0,1,1,0,1,1,0,1,0,0,0.0,-503.41999999999973,1
631,1,0,0,1,1,0,0,1,0,0,1,0,1,1,0,1,0,1,1,0.05263157894736842,-483.34000000000026,4
632,0,1,1,0,0,1,1,0,1,1,0,1,0,0,1,0,1,0,0,0.05263157894736842,-483.3399999999999,1
633,1,0,0,1,1,0,0,1,0,1,1,0,1,0,0,1,0,1,1,0.15789473684210525,-517.9300000000001,1
634,0,0,1,1,1,1,0,1,0,0,1,0,1,0,0,0,1,1,1,0.0,-503.3200000000002,1
635,1,0,0,1,1,0,0,1,0,1,0,0,1,0,1,1,0,1,1,0.0,-503.3200000000001,1
636,0,0,1,1,1,1,0,1,1,0,0,0,1,0,0,0,0,1,1,0.0,-503.3100000000002,1
637,0,0,0,1,1,0,0,1,0,1,0,1,1,1,0,0,0,1,0,0.0,-503.3,1
638,0,1,1,0,0,0,1,0,1,0,1,1,1,1,1,0,1,0,0,0.0,-503.2499999999998,1
639,0,1,1,0,0,1,1,0,1,0,0,1,0,0,1,0,1,0,0,0.05263157894736842,-495.72999999999985,1
640,0,0,0,1,0,1,0,1,1,0,0,0,0,1,1,0,0,1,0,0.05263157894736842,-509.84000000000003,1
641,0,0,0,1,1,0,0,1,1,0,0,0,1,1,1,0,0,1,1,0.05263157894736842,-514.7500000000001,2
642,1,0,0,1,1,0,0,1,1,0,0,0,1,1,1,0,0,1,1,0.05263157894736842,-484.09000000000003,1
643,1,0,0,1,1,0,0,1,1,0,0,0,1,1,1,0,0,1,1,0.05263157894736842,-484.09000000000003,1
644,1,1,1,0,0,1,1,0,0,1,1,1,0,0,0,1,1,0,0,0.05263157894736842,-514.7499999999999,1
645,1,1,0,0,0,1,1,0,1,0,1,1,0,0,1,1,1,0,1,0.05263157894736842,-496.42999999999967,2
646,1,1,0,0,0,1,1,0,1,1,0,1,0,0,0,1,1,0,0,0.05263157894736842,-518.9799999999996,1
647,0,1,1,1,0,1,0,0,0,0,1,0,1,0,0,0,1,1,1,0.0,-502.84999999999997,1
648,0,0,1,1,1,0,0,1,0,0,1,0,1,1,0,0,0,1,1,0.05263157894736842,-521.2500000000001,1
649,1,1,0,0,0,1,1,0,1,1,0,1,0,0,1,1,1,0,0,0.05263157894736842,-521.2499999999995,1
650,0,0,0,1,1,0,0,1,0,1,0,0,1,1,0,1,1,1,1,0.0,-502.66000000000014,3
651,1,1,1,0,0,1,1,0,1,0,1,1,0,0,1,0,0,0,0,0.0,-502.65999999999985,1
652,0,1,1,0,0,1,1,0,0,0,1,0,0,0,1,1,1,0,1,0.10526315789473684,-504.3399999999999,1
653,0,1,1,0,0,1,1,0,1,0,0,1,0,1,0,0,1,0,0,0.0,-502.43999999999977,1
654,0,0,0,1,0,0,1,0,1,1,0,1,1,1,1,1,1,1,1,0.0,-502.37999999999977,1
655,1,1,0,0,0,0,1,0,0,1,1,1,0,0,1,1,1,0,1,0.05263157894736842,-510.37999999999977,1
656,0,0,0,1,0,0,1,1,1,0,1,0,1,1,1,1,1,1,0,0.05263157894736842,-485.3300000000002,1
657,0,1,1,0,0,1,1,0,1,1,0,1,0,0,0,1,1,0,0,0.0,-502.3099999999997,2
658,0,0,0,1,1,0,0,1,0,0,0,0,1,1,1,0,1,1,1,0.0,-502.2800000000001,1
659,0,1,1,0,0,1,0,0,1,0,1,0,0,0,1,1,1,0,1,0.0,-502.27999999999986,1
660,1,1,1,0,0,1,1,0,0,0,1,1,1,0,1,0,1,0,0,0.05263157894736842,-491.54999999999995,1
661,1,0,0,1,1,0,0,0,0,1,1,0,1,0,1,1,0,1,1,0.0,-502.19000000000005,1
662,1,0,0,0,1,0,0,1,0,1,1,0,1,0,0,1,0,1,1,0.10526315789473684,-514.2,1
663,1,0,0,1,1,0,0,1,0,1,1,0,1,0,0,0,0,1,1,0.10526315789473684,-513.49,1
664,1,0,0,1,1,0,0,1,0,0,0,0,1,1,1,1,0,1,1,0.10526315789473684,-487.4500000000001,1
665,1,0,0,1,1,0,0,1,0,0,0,0,1,1,1,1,0,1,1,0.10526315789473684,-487.4500000000001,1
666,1,0,0,1,1,0,0,1,1,0,0,0,1,1,1,1,0,1,1,0.10526315789473684,-470.1300000000002,1
667,0,1,1,0,0,1,1,0,0,1,1,1,0,0,0,0,1,0,0,0.10526315789473684,-470.13,1
668,0,0,1,1,0,0,0,1,1,0,1,0,1,1,0,0,0,1,1,0.0,-501.57000000000016,1
669,0,0,0,1,1,0,0,1,0,1,0,0,1,1,0,0,1,1,1,0.05263157894736842,-505.0600000000001,4
670,1,1,1,0,0,1,1,0,1,0,1,1,0,0,1,1,0,0,0,0.05263157894736842,-505.05999999999983,1
671,1,0,0,0,0,1,0,0,1,1,1,0,1,0,1,1,0,1,1,0.0,-501.3600000000001,1
672,0,0,0,1,1,0,1,1,0,0,0,0,1,1,1,0,0,1,1,0.0,-501.3100000000001,1
673,0,0,0,1,1,0,0,1,0,0,0,0,1,1,1,1,1,1,1,0.10526315789473684,-486.4600000000001,2
674,1,0,0,1,1,1,0,1,0,1,1,0,1,0,0,1,0,1,1,0.05263157894736842,-510.7099999999998,1
675,0,0,0,1,1,0,0,1,1,0,0,0,1,1,1,1,1,1,1,0.10526315789473684,-478.5000000000002,4
676,0,1,1,0,0,1,1,0,1,1,0,1,0,0,0,0,1,0,0,0.05263157894736842,-480.9899999999999,1
677,0,1,1,1,0,1,1,0,1,0,0,1,0,1,1,0,1,0,0,0.05263157894736842,-514.1999999999998,1
678,0,0,0,1,1,0,0,1,1,0,0,0,1,1,1,0,1,1,1,0.10526315789473684,-497.20000000000016,2
679,0,1,0,0,0,0,1,0,0,1,1,1,0,0,1,1,1,0,1,0.05263157894736842,-479.09999999999985,2
680,0,1,1,0,0,1,1,0,1,0,1,1,0,0,1,1,1,0,0,0.05263157894736842,-512.1499999999997,1
681,1,0,0,0,1,0,0,1,0,1,0,0,1,1,0,1,0,1,1,0.0,-500.58,2
682,0,1,0,1,0,1,1,0,1,0,0,1,0,1,1,0,1,0,0,0.05263157894736842,-516.4299999999998,1
683,1,0,0,1,1,0,0,1,0,1,0,1,1,1,0,0,0,1,1,0.05263157894736842,-507.5699999999999,1
684,0,0,1,1,1,0,0,1,0,1,0,0,1,1,0,0,0,1,1,0.05263157894736842,-514.6000000000001,1
685,1,1,0,0,0,1,1,0,1,0,1,1,0,0,1,1,1,0,0,0.05263157894736842,-514.5999999999997,1
686,1,1,0,0,0,1,1,0,1,0,1,1,0,0,1,1,1,0,0,0.05263157894736842,-514.5999999999997,1
687,0,0,0,1,0,0,0,1,1,0,1,0,1,1,1,0,1,1,1,0.05263157894736842,-509.96000000000026,1
688,1,0,0,1,1,0,0,1,0,0,1,0,1,1,0,0,0,1,1,0.05263157894736842,-507.2200000000002,2
689,1,0,0,1,1,0,0,1,0,0,1,0,1,1,0,0,0,1,1,0.05263157894736842,-507.2200000000002,2
690,0,0,0,1,1,0,0,1,0,0,1,0,1,1,0,0,0,1,1,0.05263157894736842,-495.90000000000003,1
691,1,1,1,0,0,1,1,0,1,1,0,1,0,0,1,1,1,0,0,0.05263157894736842,-495.8999999999997,4
692,0,1,0,1,1,0,0,1,0,0,1,0,1,1,1,0,1,1,1,0.05263157894736842,-487.7800000000001,1
693,1,0,1,0,0,1,1,0,1,1,0,1,0,0,0,1,0,0,0,0.05263157894736842,-487.78,1
694,1,1,1,0,0,1,1,0,1,1,1,1,0,0,1,1,1,0,0,0.05263157894736842,-495.7999999999996,1
695,0,0,1,1,1,0,0,1,1,0,0,0,1,1,1,0,0,1,1,0.05263157894736842,-506.0400000000002,3
696,0,0,0,1,1,0,0,1,1,0,0,0,1,1,1,0,1,1,0,0.05263157894736842,-498.0500000000002,1
697,0,0,0,1,1,0,0,1,1,0,0,1,1,1,1,0,1,1,0,0.05263157894736842,-497.8900000000001,1
698,1,0,1,1,1,1,0,1,1,1,0,0,1,0,0,0,0,1,1,0.05263157894736842,-505.68,1
699,0,0,1,1,1,0,1,1,0,0,0,0,1,1,0,0,0,1,1,0.0,-499.2300000000001,1
700,0,0,0,1,1,0,0,1,0,0,1,0,1,1,1,0,1,1,1,0.05263157894736842,-486.98000000000025,7
701,1,0,0,1,1,0,0,1,1,0,0,1,1,1,0,0,0,1,0,0.05263157894736842,-477.4899999999999,1
702,0,0,0,1,1,0,0,1,0,1,0,0,1,1,0,1,1,1,1,0.05263157894736842,-502.66000000000014,2
703,0,0,0,1,1,0,1,1,1,0,0,0,1,1,1,0,1,1,0,0.05263157894736842,-498.2500000000001,2
704,0,1,1,0,0,1,1,0,1,0,0,1,0,1,1,1,0,0,0,0.0,-498.4199999999998,1
705,0,0,0,1,1,0,0,1,1,1,0,1,1,1,0,0,0,1,0,0.05263157894736842,-509.84,1
706,0,0,0,1,1,0,0,1,1,0,0,0,1,1,0,0,0,1,1,0.05263157894736842,-494.20000000000005,4
707,1,0,0,1,1,0,0,1,1,0,0,0,1,1,0,0,0,1,1,0.05263157894736842,-479.32000000000016,4
708,1,0,0,1,1,0,0,1,1,0,0,0,1,1,0,0,0,1,1,0.05263157894736842,-479.32000000000016,1
709,0,1,1,0,0,1,1,0,0,1,1,1,0,0,1,1,1,0,0,0.05263157894736842,-479.3199999999998,3
710,1,1,1,0,0,1,1,0,0,1,1,1,0,0,1,1,1,0,0,0.05263157894736842,-494.1999999999998,2
711,1,1,1,0,0,1,1,0,0,1,1,1,0,0,1,1,1,0,0,0.05263157894736842,-494.1999999999998,1
712,0,1,0,1,0,1,1,0,1,0,1,1,0,1,0,0,1,0,0,0.0,-498.2999999999999,1
713,0,1,0,0,0,0,0,0,1,1,0,1,0,1,1,1,1,0,0,0.05263157894736842,-505.96999999999974,1
714,0,0,0,1,1,0,0,1,1,0,0,1,1,1,1,0,1,1,0,0.0,-497.8900000000001,1
715,1,1,0,0,0,1,1,0,1,0,1,1,0,0,0,1,1,0,0,0.0,-497.82999999999976,1
716,1,1,1,0,0,1,1,0,1,0,1,1,0,0,1,0,1,0,0,0.10526315789473684,-496.44999999999976,1
717,0,0,0,1,1,0,0,1,1,0,0,0,1,1,1,0,1,1,1,0.10526315789473684,-497.20000000000016,1
718,1,0,0,0,1,0,0,1,0,1,1,0,1,0,0,1,1,1,1,0.05263157894736842,-506.65,1
719,0,1,0,0,0,1,1,0,1,0,0,1,0,1,1,1,1,0,0,0.10526315789473684,-529.7999999999997,1
720,0,1,1,1,0,0,1,0,1,0,1,1,0,1,0,0,1,0,0,0.0,-496.7899999999998,1
721,0,0,0,1,1,0,0,1,0,0,1,0,1,1,0,0,1,1,1,0.05263157894736842,-492.99000000000007,4
722,1,0,0,1,1,0,0,1,0,1,0,0,0,1,0,1,0,1,1,0.05263157894736842,-507.1900000000001,1
723,1,0,0,1,1,0,0,1,1,1,1,0,1,0,0,0,0,1,1,0.05263157894736842,-486.8699999999999,1
724,1,0,0,1,1,1,0,1,0,0,0,0,1,1,0,0,0,1,1,0.05263157894736842,-491.84,1
725,0,1,1,0,0,1,1,0,1,0,0,1,0,1,1,1,1,0,0,0.10526315789473684,-513.4899999999999,1
726,0,0,0,1,1,0,0,1,0,1,0,0,1,1,0,1,1,1,1,0.05263157894736842,-502.66000000000014,1
727,1,1,0,0,1,0,1,0,0,1,1,1,0,0,0,1,1,0,1,0.05263157894736842,-521.6899999999997,1
728,0,0,1,1,1,1,0,1,1,0,1,0,1,0,1,0,0,1,1,0.0,-496.2600000000003,1
729,1,0,0,1,1,0,0,1,0,0,1,0,1,1,0,1,0,1,1,0.10526315789473684,-483.34000000000026,2
730,0,1,1,0,0,1,1,0,1,1,0,1,0,0,1,0,1,0,0,0.10526315789473684,-483.3399999999999,1
731,0,0,0,1,1,0,0,1,1,0,0,0,0,1,0,0,1,1,0,0.0,-496.03999999999996,1
732,1,0,1,1,1,0,0,1,0,0,1,0,1,1,1,0,0,1,1,0.0,-495.8600000000002,1
733,0,0,0,1,1,0,0,1,1,0,0,0,1,1,1,0,0,1,0,0.05263157894736842,-507.4,1
734,0,0,0,1,1,0,0,1,1,0,0,0,1,1,1,0,1,1,1,0.10526315789473684,-497.20000000000016,1
735,1,0,0,1,1,0,0,1,1,0,0,0,1,1,1,1,0,1,1,0.15789473684210525,-470.1300000000002,1
736,1,0,0,1,0,1,0,1,1,0,0,0,1,1,1,0,0,1,1,0.05263157894736842,-487.14999999999986,1
737,1,0,0,1,1,0,0,1,0,0,1,0,1,1,1,0,0,1,1,0.05263157894736842,-502.3100000000001,1
738,0,1,0,0,0,0,1,0,1,0,0,1,0,1,1,1,1,0,0,0.05263157894736842,-544.4399999999997,1
739,0,0,0,1,1,0,0,1,1,0,0,0,1,1,0,0,1,1,1,0.05263157894736842,-493.5300000000001,6
740,1,1,0,0,0,1,1,0,1,1,0,1,0,0,1,1,1,0,0,0.05263157894736842,-521.2499999999995,1
741,1,1,0,0,0,0,1,0,1,1,0,1,1,0,1,1,1,0,0,0.0,-494.9899999999996,1
742,1,1,1,0,0,1,1,0,0,1,1,1,1,0,1,0,1,0,0,0.05263157894736842,-484.12,1
743,0,0,0,1,1,0,0,1,1,0,0,0,1,1,1,1,1,1,1,0.15789473684210525,-478.5000000000002,3
744,0,0,0,1,1,0,0,1,1,0,1,0,1,1,1,0,0,1,1,0.05263157894736842,-493.93000000000023,5
745,1,1,1,0,0,1,1,0,0,1,0,1,0,0,0,1,1,0,0,0.05263157894736842,-493.93,1
746,1,0,0,1,1,0,0,1,1,0,0,0,1,1,0,1,0,1,1,0.10526315789473684,-462.80000000000007,1
747,1,0,0,1,1,0,0,1,1,0,0,0,1,1,0,1,0,1,1,0.10526315789473684,-462.80000000000007,2
748,0,0,0,1,1,0,0,1,1,0,0,0,1,1,0,1,0,1,1,0.10526315789473684,-471.1600000000003,3
749,1,1,1,0,0,1,1,0,0,1,1,1,0,0,1,0,1,0,0,0.10526315789473684,-471.15999999999997,1
750,1,0,0,1,1,0,0,1,1,0,0,0,1,1,1,1,0,1,0,0.10526315789473684,-459.8000000000001,1
751,1,1,1,0,0,1,1,0,0,0,1,0,0,0,1,0,1,0,1,0.05263157894736842,-483.65999999999997,1
752,0,0,0,1,1,0,0,1,1,0,1,0,1,1,1,0,0,1,1,0.05263157894736842,-493.93000000000023,2
753,1,0,0,1,1,0,0,1,1,1,0,0,1,1,0,0,0,1,1,0.05263157894736842,-487.0100000000002,1
754,0,0,0,1,1,0,0,1,1,1,0,0,1,1,0,0,0,1,1,0.05263157894736842,-489.83000000000015,4
755,0,1,1,0,0,1,1,0,0,0,1,1,0,0,1,1,1,0,0,0.05263157894736842,-487.00999999999993,1
756,0,1,1,0,1,1,1,0,0,1,1,1,1,0,0,0,1,0,1,0.05263157894736842,-490.3999999999998,1
757,0,0,0,1,1,0,0,1,1,0,1,0,1,1,1,0,0,1,1,0.0,-493.93000000000023,2
758,0,1,1,0,0,1,1,0,1,1,0,1,0,0,0,0,1,0,0,0.10526315789473684,-480.9899999999999,1
759,0,1,0,1,0,1,1,0,1,1,0,1,0,1,0,1,1,0,0,0.05263157894736842,-503.0499999999998,1
760,0,0,1,1,0,1,1,1,1,0,0,1,0,1,1,0,1,0,0,0.05263157894736842,-501.95000000000005,1
761,1,1,0,0,0,1,1,0,0,0,1,0,0,0,1,1,1,0,1,0.0,-493.54999999999995,1
762,0,0,0,1,1,0,0,1,1,0,0,0,1,1,0,0,1,1,1,0.0,-493.5300000000001,2
763,0,0,1,1,1,0,0,1,0,0,1,0,1,1,0,0,1,1,1,0.05263157894736842,-489.72000000000025,1
764,1,1,0,0,0,1,1,0,1,1,0,1,0,0,1,1,0,0,0,0.05263157894736842,-489.71999999999986,1
765,0,0,0,1,1,0,0,1,1,1,0,0,1,1,0,1,0,1,1,0.05263157894736842,-482.77000000000044,3
766,1,1,1,0,0,1,1,0,0,0,1,1,0,0,1,0,1,0,0,0.05263157894736842,-482.7699999999999,2
767,0,0,0,1,1,0,0,1,0,0,1,0,1,1,0,0,1,1,1,0.0,-492.99000000000007,1
768,0,0,0,1,1,0,0,1,0,1,0,0,1,1,0,1,1,1,1,0.10526315789473684,-502.66000000000014,1
769,1,0,0,1,1,0,0,1,1,1,1,0,1,0,0,1,0,1,1,0.10526315789473684,-488.43000000000006,2
770,0,0,0,1,1,0,0,1,1,0,0,0,1,1,0,0,1,1,0,0.0,-492.46000000000004,1
771,1,0,0,1,1,0,0,1,0,1,1,0,1,0,0,0,1,1,1,0.05263157894736842,-498.4200000000002,1
772,0,1,1,1,0,1,1,0,1,0,0,1,0,1,1,0,1,0,0,0.10526315789473684,-514.1999999999998,1
773,0,0,0,1,1,1,0,1,1,1,0,0,1,1,0,0,0,1,0,0.10526315789473684,-486.9800000000001,1
774,1,0,0,1,1,0,0,1,1,1,0,0,1,1,0,0,0,1,0,0.05263157894736842,-481.86,1
775,0,0,0,1,1,0,0,1,1,0,1,0,1,1,1,0,0,1,1,0.10526315789473684,-493.93000000000023,1
776,0,0,0,1,1,0,0,1,0,1,0,0,1,1,0,1,1,1,1,0.05263157894736842,-502.66000000000014,1
777,0,0,0,1,1,0,0,1,1,0,0,0,1,1,1,1,1,1,1,0.05263157894736842,-478.5000000000002,1
778,1,0,0,1,1,0,0,1,0,1,0,0,1,1,0,1,0,1,1,0.10526315789473684,-514.49,1
779,0,0,0,1,1,0,0,1,1,1,0,0,1,1,0,0,1,1,1,0.05263157894736842,-489.2800000000002,1
780,0,0,1,1,1,0,0,1,0,1,1,0,1,0,0,0,1,1,1,0.0,-490.5900000000001,1
781,1,0,0,1,1,0,0,1,1,1,0,0,1,1,0,1,0,1,1,0.10526315789473684,-486.47000000000014,1
782,1,0,1,0,0,1,1,0,0,1,1,1,0,0,0,1,0,0,1,0.05263157894736842,-488.2300000000002,1
783,1,0,0,1,1,0,0,1,0,1,1,0,1,0,0,0,1,1,1,0.10526315789473684,-498.4200000000002,2
784,0,1,1,0,0,1,1,0,0,0,0,1,0,1,1,0,1,0,0,0.05263157894736842,-488.4299999999999,1
785,1,1,1,0,0,1,1,0,1,1,1,1,0,0,1,1,1,0,0,0.10526315789473684,-495.7999999999996,1
786,0,0,0,1,1,0,0,1,1,1,0,0,1,1,0,1,1,1,0,0.0,-489.3900000000002,1
787,1,1,1,0,0,0,1,0,0,0,1,0,1,0,1,1,1,0,1,0.10526315789473684,-518.5199999999999,1
788,1,0,0,1,1,0,0,1,1,1,0,0,1,1,0,0,0,1,1,0.10526315789473684,-487.0100000000002,1
789,1,1,1,0,0,1,1,0,0,0,1,1,0,0,1,1,0,0,1,0.05263157894736842,-494.98999999999995,1
790,1,0,0,1,1,0,0,1,1,1,0,0,1,1,0,1,0,1,0,0.10526315789473684,-481.0000000000001,1
791,0,1,1,0,0,1,1,0,0,0,1,1,0,0,1,0,1,0,1,0.10526315789473684,-481.00000000000006,1
792,1,0,0,1,1,0,0,1,1,1,1,1,1,0,0,0,0,1,0,0.0,-488.3199999999997,1
793,0,0,0,1,1,0,0,1,1,0,1,0,1,1,1,0,0,1,1,0.10526315789473684,-493.93000000000023,3
794,0,0,0,1,1,0,0,1,0,0,1,0,1,1,0,1,1,1,1,0.10526315789473684,-464.37000000000023,1
795,0,1,0,1,0,1,1,1,1,0,0,1,0,1,0,0,1,0,0,0.05263157894736842,-516.5099999999999,1
796,0,0,1,1,1,0,0,1,1,0,0,0,1,1,1,0,0,1,1,0.05263157894736842,-506.0400000000002,1
797,0,1,0,0,0,1,0,0,1,0,0,1,0,1,1,1,1,0,0,0.05263157894736842,-487.4799999999997,1
798,0,1,1,0,0,1,1,0,0,0,1,1,0,0,1,0,1,0,0,0.10526315789473684,-486.4699999999999,1
799,1,0,0,1,1,0,0,1,1,1,0,0,1,1,0,0,0,1,0,0.10526315789473684,-481.86,1
800,0,0,0,1,1,0,0,1,1,0,1,0,1,1,1,0,1,1,1,0.10526315789473684,-469.16000000000025,1
801,1,1,1,0,0,1,1,0,0,1,0,1,0,0,0,1,0,0,0,0.10526315789473684,-469.15999999999997,1
802,0,0,0,1,1,0,0,1,1,0,1,0,1,1,0,0,0,1,1,0.10526315789473684,-481.5600000000001,5
803,1,1,1,0,0,1,1,0,0,1,0,1,0,0,0,1,0,0,0,0.05263157894736842,-469.15999999999997,1
804,0,0,0,1,1,0,0,1,0,0,1,0,1,1,0,0,1,1,1,0.10526315789473684,-492.99000000000007,1
805,0,1,0,1,0,1,1,0,1,1,0,1,0,1,1,1,1,0,0,0.10526315789473684,-490.69999999999976,1
806,0,0,0,1,1,0,1,1,1,0,0,0,1,1,1,0,1,1,1,0.05263157894736842,-477.42000000000013,1
807,0,0,0,1,1,0,0,1,1,0,1,0,1,1,1,1,0,1,1,0.05263157894736842,-463.2100000000002,1
808,1,1,1,0,0,1,1,0,0,1,0,1,0,0,1,1,1,0,0,0.10526315789473684,-481.55999999999995,1
809,1,0,0,1,1,0,0,1,1,1,1,0,1,0,0,0,0,1,1,0.15789473684210525,-486.8699999999999,1
810,0,1,1,0,0,1,1,0,0,0,1,1,0,0,1,0,1,0,1,0.15789473684210525,-481.00000000000006,1
811,0,0,0,1,1,0,0,1,1,1,0,0,1,1,0,1,0,1,1,0.15789473684210525,-482.77000000000044,1
812,0,0,0,1,1,0,0,1,1,1,0,0,1,1,0,0,0,1,1,0.05263157894736842,-489.83000000000015,1
813,0,0,0,1,1,0,0,1,0,0,1,0,1,1,0,0,1,1,1,0.10526315789473684,-492.99000000000007,1
814,0,0,0,1,1,0,0,1,1,0,0,0,1,1,0,1,0,1,1,0.05263157894736842,-471.1600000000003,1
815,0,0,0,1,1,0,0,1,0,1,0,1,1,1,0,1,0,1,1,0.05263157894736842,-473.0900000000001,1
816,1,1,1,0,0,1,1,0,0,1,0,1,0,0,1,1,0,0,0,0.10526315789473684,-473.67,1
817,1,0,0,1,1,0,0,1,1,0,1,0,1,1,0,0,0,1,1,0.15789473684210525,-478.54000000000025,1
818,0,0,0,1,0,0,0,1,1,1,1,0,0,1,0,1,1,1,1,0.05263157894736842,-504.4000000000002,1
819,0,0,0,1,1,0,0,1,1,0,0,0,0,1,0,0,0,1,0,0.05263157894736842,-478.81000000000006,1
820,0,1,1,0,0,1,1,0,0,0,1,1,0,1,1,0,0,0,0,0.0,-482.81999999999977,1
821,0,0,0,1,1,0,0,1,1,0,1,0,1,1,0,0,0,1,1,0.15789473684210525,-481.5600000000001,1
822,1,0,0,1,1,0,0,1,1,0,1,0,0,1,0,0,0,1,1,0.05263157894736842,-482.6200000000002,1
823,1,0,0,1,1,0,0,1,1,0,1,0,1,1,0,1,0,1,1,0.15789473684210525,-451.7800000000002,1
824,0,0,0,1,1,0,0,1,1,0,1,0,1,1,0,1,0,1,1,0.15789473684210525,-448.2800000000004,1
825,0,0,0,1,1,0,0,1,1,0,1,0,1,1,0,0,1,1,1,0.05263157894736842,-473.6700000000002,1
826,1,0,0,1,1,0,0,1,1,0,1,0,1,1,0,1,0,1,1,0.10526315789473684,-451.7800000000002,1
827,0,0,0,1,1,0,0,1,1,0,0,0,1,1,1,0,0,1,1,0.15789473684210525,-514.7500000000001,1
828,1,0,0,0,0,1,1,0,1,1,1,0,1,0,1,1,1,0,1,0.0,-481.2800000000001,1
829,0,1,1,0,0,0,1,0,0,1,1,1,0,0,1,1,1,0,1,0.15789473684210525,-483.39,1
830,1,1,1,0,0,1,1,0,0,1,0,1,0,0,0,1,0,0,0,0.15789473684210525,-469.15999999999997,1
831,0,1,1,0,0,1,1,0,0,0,1,1,0,0,1,1,1,0,1,0.15789473684210525,-481.85999999999996,1
832,0,0,0,1,1,0,0,1,1,0,0,0,1,1,1,0,0,1,1,0.05263157894736842,-514.7500000000001,1
833,0,0,0,1,1,0,0,1,1,0,1,0,1,1,0,0,1,1,1,0.15789473684210525,-473.6700000000002,1
834,0,1,1,0,0,1,1,0,0,0,0,1,0,0,1,1,1,0,0,0.10526315789473684,-465.74999999999994,1
835,1,0,0,1,1,0,0,1,1,0,1,0,1,1,1,0,0,1,1,0.15789473684210525,-475.1300000000002,1
836,0,1,1,0,0,1,1,0,0,1,0,1,0,0,1,0,1,0,0,0.21052631578947367,-451.78,1
837,1,1,1,0,0,1,1,0,0,1,1,1,0,0,1,0,1,0,1,0.15789473684210525,-461.5700000000001,1
838,1,0,1,1,1,1,1,1,0,0,1,0,1,0,1,0,0,1,1,0.05263157894736842,-486.2200000000002,1
839,1,1,0,0,0,1,1,0,0,1,0,1,1,0,1,1,1,0,0,0.0,-478.03000000000003,1
840,0,0,1,1,1,1,0,1,1,0,1,0,1,1,0,0,0,1,0,0.10526315789473684,-493.02000000000015,1
841,0,0,0,1,1,0,0,1,1,0,1,0,1,1,1,0,1,1,1,0.15789473684210525,-469.16000000000025,1
842,0,0,0,1,1,0,1,1,1,0,0,0,1,1,1,0,0,1,1,0.05263157894736842,-492.55000000000024,1
843,0,0,0,1,1,0,0,1,1,0,1,0,1,1,0,0,1,1,0,0.05263157894736842,-475.0000000000001,1
844,0,1,1,1,0,1,1,0,1,0,0,1,0,1,1,1,0,0,0,0.10526315789473684,-476.78999999999985,1
845,0,0,0,1,1,0,1,1,1,1,0,0,1,1,0,1,1,1,0,0.0,-472.17000000000013,1
846,0,0,0,1,1,0,0,1,0,0,0,0,0,1,0,0,0,1,1,0.05263157894736842,-467.52000000000015,1
847,0,0,0,1,1,0,1,1,0,0,1,0,1,1,0,0,1,1,1,0.05263157894736842,-467.65000000000015,1
848,0,0,0,1,1,0,0,1,1,0,0,0,1,1,0,0,1,1,0,0.05263157894736842,-492.46000000000004,1
849,1,1,0,0,0,1,1,0,0,0,1,1,0,0,1,1,1,0,1,0.05263157894736842,-484.9499999999998,1
850,0,1,1,0,0,1,1,0,0,1,1,1,0,0,1,0,1,0,0,0.15789473684210525,-462.7999999999999,1
851,0,0,1,1,1,0,1,1,0,0,0,0,1,1,1,0,1,1,1,0.10526315789473684,-477.25000000000006,1
852,0,0,0,1,1,0,0,1,1,1,0,0,1,1,0,1,1,1,1,0.15789473684210525,-484.00000000000034,1
853,0,0,0,1,0,0,0,1,1,0,0,0,1,1,1,0,1,1,0,0.10526315789473684,-525.27,1
854,1,0,0,1,1,0,0,1,0,1,1,0,1,0,0,1,0,1,1,0.15789473684210525,-517.9300000000001,1
855,1,1,0,0,0,1,0,0,0,0,1,1,0,0,1,1,1,0,1,0.10526315789473684,-474.06999999999977,1
